{
  "metadata": {
    "timestamp": "2025-11-27T09:01:07.003505",
    "world_id": "E3_osc_struct",
    "world_type": "oscillator",
    "model_id": "rnn_tanh",
    "model_type": "rnn_tanh",
    "time_cond_type": "full_time",
    "readout_only": false,
    "n_seeds": 5,
    "master_seed": 1234,
    "device": "cuda",
    "output_dir": "D:\\tiny_world_model"
  },
  "hyperparameters": {
    "hidden_dim": 32,
    "learning_rate": 0.001,
    "batch_size": 64,
    "max_steps": 20000,
    "n_train_seqs": 20000,
    "n_eval_seqs": 2000,
    "sequence_length": 256
  },
  "per_seed_results": [
    {
      "seed": 1234,
      "seed_index": 0,
      "avg_nll_model": -1.524068300972733,
      "avg_nll_baseline": -0.8638943799785539,
      "delta_nll": 0.660173920994179,
      "n_eval_samples": 510000,
      "probe_r2_trained": 0.9968086110099932,
      "probe_mse_trained": 0.0013528682757169008,
      "probe_r2_random": 4.487695338950548e-05,
      "probe_mse_random": 0.4238930344581604,
      "probe_r2_permuted": -0.0002013947278949324,
      "probe_mse_permuted": 0.4239974319934845
    },
    {
      "seed": 1235,
      "seed_index": 1,
      "avg_nll_model": -1.5237074276194853,
      "avg_nll_baseline": -0.8638943799785539,
      "delta_nll": 0.6598130476409314,
      "n_eval_samples": 510000,
      "probe_r2_trained": 0.998849948613389,
      "probe_mse_trained": 0.0004875206504948437,
      "probe_r2_random": 3.883088870471063e-05,
      "probe_mse_random": 0.42389559745788574,
      "probe_r2_permuted": -0.00022775838204336374,
      "probe_mse_permuted": 0.4240086078643799
    },
    {
      "seed": 1236,
      "seed_index": 2,
      "avg_nll_model": -1.5216502910539216,
      "avg_nll_baseline": -0.8638943799785539,
      "delta_nll": 0.6577559110753677,
      "n_eval_samples": 510000,
      "probe_r2_trained": 0.998644075112766,
      "probe_mse_trained": 0.0005747929099015892,
      "probe_r2_random": -8.764294917806836e-06,
      "probe_mse_random": 0.4239157736301422,
      "probe_r2_permuted": -0.00026009779779867515,
      "probe_mse_permuted": 0.4240223169326782
    },
    {
      "seed": 1237,
      "seed_index": 3,
      "avg_nll_model": -1.5169302887561273,
      "avg_nll_baseline": -0.8638943799785539,
      "delta_nll": 0.6530359087775734,
      "n_eval_samples": 510000,
      "probe_r2_trained": 0.9988444219950775,
      "probe_mse_trained": 0.0004898634506389499,
      "probe_r2_random": -4.082249836212526e-05,
      "probe_mse_random": 0.423929363489151,
      "probe_r2_permuted": -0.00014789408574333862,
      "probe_mse_permuted": 0.42397475242614746
    },
    {
      "seed": 1238,
      "seed_index": 4,
      "avg_nll_model": -1.5313248717064951,
      "avg_nll_baseline": -0.8638943799785539,
      "delta_nll": 0.6674304917279412,
      "n_eval_samples": 510000,
      "probe_r2_trained": 0.9974487872657146,
      "probe_mse_trained": 0.001081489841453731,
      "probe_r2_random": 4.768907649865817e-05,
      "probe_mse_random": 0.4238918423652649,
      "probe_r2_permuted": -7.801282648078889e-05,
      "probe_mse_permuted": 0.4239451289176941
    }
  ],
  "aggregated_metrics": {
    "delta_nll": {
      "mean": 0.6596418560431985,
      "std": 0.004651248718414217,
      "min": 0.6530359087775734,
      "max": 0.6674304917279412,
      "values": [
        0.660173920994179,
        0.6598130476409314,
        0.6577559110753677,
        0.6530359087775734,
        0.6674304917279412
      ]
    },
    "probe_r2_trained": {
      "mean": 0.9981191687993881,
      "std": 0.0008369624952489818,
      "values": [
        0.9968086110099932,
        0.998849948613389,
        0.998644075112766,
        0.9988444219950775,
        0.9974487872657146
      ]
    },
    "probe_r2_random": {
      "mean": 1.6362025062588435e-05,
      "std": 3.521572602575303e-05,
      "values": [
        4.487695338950548e-05,
        3.883088870471063e-05,
        -8.764294917806836e-06,
        -4.082249836212526e-05,
        4.768907649865817e-05
      ]
    },
    "probe_r2_permuted": {
      "mean": -0.00018303156399221976,
      "std": 6.409442415810393e-05,
      "values": [
        -0.0002013947278949324,
        -0.00022775838204336374,
        -0.00026009779779867515,
        -0.00014789408574333862,
        -7.801282648078889e-05
      ]
    },
    "probe_emergence_margin": {
      "description": "trained R\u00b2 minus max(random, permuted) R\u00b2",
      "mean": 0.9981028067743255,
      "values": [
        0.9967637340566037,
        0.9988111177246843,
        0.9986528394076838,
        0.9988852444934396,
        0.997401098189216
      ]
    }
  },
  "statistical_tests": {
    "permutation_test": {
      "metric": "delta_nll",
      "observed_mean": 0.6596418560431985,
      "p_value": 0.03298350824587706,
      "n_permutations": 2000,
      "direction": "higher",
      "sided": "one",
      "null_distribution_mean": -0.0021010766065410547,
      "null_distribution_std": 0.2928400556878885
    }
  }
}