{
  "metadata": {
    "timestamp": "2025-11-28T05:44:48.214823",
    "world_id": "E2_regime_null",
    "world_type": "regime_null",
    "model_id": "rnn_tanh",
    "model_type": "rnn_tanh",
    "time_cond_type": "full_time",
    "readout_only": false,
    "scramble_core": false,
    "n_seeds": 20,
    "master_seed": 1234,
    "device": "cpu",
    "output_dir": "D:\\tiny_world_model"
  },
  "hyperparameters": {
    "hidden_dim": 16,
    "learning_rate": 0.001,
    "batch_size": 64,
    "max_steps": 20000,
    "n_train_seqs": 20000,
    "n_eval_seqs": 2000,
    "sequence_length": 128
  },
  "per_seed_results": [
    {
      "seed": 1234,
      "seed_index": 0,
      "avg_nll_model": 47.92218417814961,
      "avg_nll_baseline": 47.923202171505906,
      "delta_nll": 0.0010179933562994847,
      "n_eval_samples": 254000,
      "probe_r2_trained": NaN,
      "probe_mse_trained": 3.850809207506245e-06,
      "probe_r2_random": NaN,
      "probe_mse_random": 1.0070041298604337e-06,
      "probe_r2_permuted": NaN,
      "probe_mse_permuted": 1.2528360002761474e-06
    },
    {
      "seed": 1235,
      "seed_index": 1,
      "avg_nll_model": 47.93479798228346,
      "avg_nll_baseline": 47.923202171505906,
      "delta_nll": -0.011595810777556892,
      "n_eval_samples": 254000,
      "probe_r2_trained": NaN,
      "probe_mse_trained": 0.00010189963359152898,
      "probe_r2_random": NaN,
      "probe_mse_random": 6.313380822575709e-07,
      "probe_r2_permuted": NaN,
      "probe_mse_permuted": 0.00011148372141178697
    },
    {
      "seed": 1236,
      "seed_index": 2,
      "avg_nll_model": 47.932895238681105,
      "avg_nll_baseline": 47.923202171505906,
      "delta_nll": -0.009693067175199133,
      "n_eval_samples": 254000,
      "probe_r2_trained": NaN,
      "probe_mse_trained": 2.009220770560205e-05,
      "probe_r2_random": NaN,
      "probe_mse_random": 5.942482061982446e-07,
      "probe_r2_permuted": NaN,
      "probe_mse_permuted": 6.8850481511617545e-06
    },
    {
      "seed": 1237,
      "seed_index": 3,
      "avg_nll_model": 47.92413315083662,
      "avg_nll_baseline": 47.923202171505906,
      "delta_nll": -0.0009309793307110681,
      "n_eval_samples": 254000,
      "probe_r2_trained": NaN,
      "probe_mse_trained": 7.751617522444576e-05,
      "probe_r2_random": NaN,
      "probe_mse_random": 4.0820145841280464e-07,
      "probe_r2_permuted": NaN,
      "probe_mse_permuted": 1.8736889614956453e-05
    },
    {
      "seed": 1238,
      "seed_index": 4,
      "avg_nll_model": 47.92386328125,
      "avg_nll_baseline": 47.923202171505906,
      "delta_nll": -0.0006611097440938352,
      "n_eval_samples": 254000,
      "probe_r2_trained": NaN,
      "probe_mse_trained": 0.00010461027704877779,
      "probe_r2_random": NaN,
      "probe_mse_random": 5.739778430324805e-07,
      "probe_r2_permuted": NaN,
      "probe_mse_permuted": 6.1030732467770576e-05
    },
    {
      "seed": 1239,
      "seed_index": 5,
      "avg_nll_model": 47.924355960875985,
      "avg_nll_baseline": 47.923202171505906,
      "delta_nll": -0.0011537893700790391,
      "n_eval_samples": 254000,
      "probe_r2_trained": NaN,
      "probe_mse_trained": 8.232463187596295e-06,
      "probe_r2_random": NaN,
      "probe_mse_random": 8.429068429904873e-07,
      "probe_r2_permuted": NaN,
      "probe_mse_permuted": 2.122844489349518e-05
    },
    {
      "seed": 1240,
      "seed_index": 6,
      "avg_nll_model": 47.92943356299212,
      "avg_nll_baseline": 47.923202171505906,
      "delta_nll": -0.006231391486217319,
      "n_eval_samples": 254000,
      "probe_r2_trained": NaN,
      "probe_mse_trained": 9.053898247657344e-05,
      "probe_r2_random": NaN,
      "probe_mse_random": 1.0355091717428877e-06,
      "probe_r2_permuted": NaN,
      "probe_mse_permuted": 0.00011549684131750837
    },
    {
      "seed": 1241,
      "seed_index": 7,
      "avg_nll_model": 47.928277743602365,
      "avg_nll_baseline": 47.923202171505906,
      "delta_nll": -0.005075572096458814,
      "n_eval_samples": 254000,
      "probe_r2_trained": NaN,
      "probe_mse_trained": 1.1299952348053921e-05,
      "probe_r2_random": NaN,
      "probe_mse_random": 6.663614158242126e-07,
      "probe_r2_permuted": NaN,
      "probe_mse_permuted": 7.819860911695287e-06
    },
    {
      "seed": 1242,
      "seed_index": 8,
      "avg_nll_model": 47.92487952140748,
      "avg_nll_baseline": 47.923202171505906,
      "delta_nll": -0.0016773499015769744,
      "n_eval_samples": 254000,
      "probe_r2_trained": NaN,
      "probe_mse_trained": 1.4924215065548196e-05,
      "probe_r2_random": NaN,
      "probe_mse_random": 7.323976660700282e-07,
      "probe_r2_permuted": NaN,
      "probe_mse_permuted": 2.0867614693997893e-06
    },
    {
      "seed": 1243,
      "seed_index": 9,
      "avg_nll_model": 47.927913631889766,
      "avg_nll_baseline": 47.923202171505906,
      "delta_nll": -0.004711460383859389,
      "n_eval_samples": 254000,
      "probe_r2_trained": NaN,
      "probe_mse_trained": 3.653761450550519e-05,
      "probe_r2_random": NaN,
      "probe_mse_random": 2.599631443445105e-07,
      "probe_r2_permuted": NaN,
      "probe_mse_permuted": 6.868993659736589e-05
    },
    {
      "seed": 1244,
      "seed_index": 10,
      "avg_nll_model": 47.92321262918307,
      "avg_nll_baseline": 47.923202171505906,
      "delta_nll": -1.045767716334467e-05,
      "n_eval_samples": 254000,
      "probe_r2_trained": NaN,
      "probe_mse_trained": 1.03143338492373e-05,
      "probe_r2_random": NaN,
      "probe_mse_random": 7.473477126040962e-07,
      "probe_r2_permuted": NaN,
      "probe_mse_permuted": 3.4092233818228124e-06
    },
    {
      "seed": 1245,
      "seed_index": 11,
      "avg_nll_model": 47.92672856176181,
      "avg_nll_baseline": 47.923202171505906,
      "delta_nll": -0.0035263902559066196,
      "n_eval_samples": 254000,
      "probe_r2_trained": NaN,
      "probe_mse_trained": 2.42095429712208e-05,
      "probe_r2_random": NaN,
      "probe_mse_random": 9.661578133091098e-07,
      "probe_r2_permuted": NaN,
      "probe_mse_permuted": 2.600891821202822e-05
    },
    {
      "seed": 1246,
      "seed_index": 12,
      "avg_nll_model": 47.925002952755904,
      "avg_nll_baseline": 47.923202171505906,
      "delta_nll": -0.0018007812499973852,
      "n_eval_samples": 254000,
      "probe_r2_trained": NaN,
      "probe_mse_trained": 1.82420706096309e-06,
      "probe_r2_random": NaN,
      "probe_mse_random": 1.1524828096298734e-06,
      "probe_r2_permuted": NaN,
      "probe_mse_permuted": 6.198325081641087e-06
    },
    {
      "seed": 1247,
      "seed_index": 13,
      "avg_nll_model": 47.92676500984252,
      "avg_nll_baseline": 47.923202171505906,
      "delta_nll": -0.0035628383366130834,
      "n_eval_samples": 254000,
      "probe_r2_trained": NaN,
      "probe_mse_trained": 0.00019612493633758277,
      "probe_r2_random": NaN,
      "probe_mse_random": 1.0790320175146917e-06,
      "probe_r2_permuted": NaN,
      "probe_mse_permuted": 0.00011652583634713665
    },
    {
      "seed": 1248,
      "seed_index": 14,
      "avg_nll_model": 47.931598548228344,
      "avg_nll_baseline": 47.923202171505906,
      "delta_nll": -0.008396376722437537,
      "n_eval_samples": 254000,
      "probe_r2_trained": NaN,
      "probe_mse_trained": 1.4668941730633378e-05,
      "probe_r2_random": NaN,
      "probe_mse_random": 4.084240003976447e-07,
      "probe_r2_permuted": NaN,
      "probe_mse_permuted": 1.682539914327208e-05
    },
    {
      "seed": 1249,
      "seed_index": 15,
      "avg_nll_model": 47.925382074311024,
      "avg_nll_baseline": 47.923202171505906,
      "delta_nll": -0.002179902805117706,