{
  "metadata": {
    "timestamp": "2025-11-28T06:54:39.680486",
    "world_id": "E3_osc_struct",
    "world_type": "oscillator",
    "model_id": "rnn_tanh",
    "model_type": "rnn_tanh",
    "time_cond_type": "full_time",
    "readout_only": false,
    "scramble_core": false,
    "n_seeds": 20,
    "master_seed": 1234,
    "device": "cuda",
    "output_dir": "D:\\tiny_world_model"
  },
  "hyperparameters": {
    "hidden_dim": 8,
    "learning_rate": 0.001,
    "batch_size": 64,
    "max_steps": 20000,
    "n_train_seqs": 20000,
    "n_eval_seqs": 2000,
    "sequence_length": 256
  },
  "per_seed_results": [
    {
      "seed": 1234,
      "seed_index": 0,
      "avg_nll_model": -1.452784307981005,
      "avg_nll_baseline": -0.8584633626302083,
      "delta_nll": 0.5943209453507967,
      "n_eval_samples": 510000,
      "probe_r2_trained": 0.9936309474000835,
      "probe_mse_trained": 0.002705229911953211,
      "probe_r2_random": 1.63733934810395e-06,
      "probe_mse_random": 0.4247453510761261,
      "probe_r2_permuted": -0.004545828922082107,
      "probe_mse_permuted": 0.426676869392395
    },
    {
      "seed": 1235,
      "seed_index": 1,
      "avg_nll_model": -1.4988241842830883,
      "avg_nll_baseline": -0.8584633626302083,
      "delta_nll": 0.64036082165288,
      "n_eval_samples": 510000,
      "probe_r2_trained": 0.996991712104014,
      "probe_mse_trained": 0.0012777583906427026,
      "probe_r2_random": -1.0990971239799308e-06,
      "probe_mse_random": 0.4247465133666992,
      "probe_r2_permuted": -0.00048088762523912365,
      "probe_mse_permuted": 0.4249503016471863
    },
    {
      "seed": 1236,
      "seed_index": 2,
      "avg_nll_model": -1.4903140921798408,
      "avg_nll_baseline": -0.8584633626302083,
      "delta_nll": 0.6318507295496325,
      "n_eval_samples": 510000,
      "probe_r2_trained": 0.9984281296604449,
      "probe_mse_trained": 0.0006676457123830914,
      "probe_r2_random": 1.2723415312110298e-05,
      "probe_mse_random": 0.42474064230918884,
      "probe_r2_permuted": -0.0002844255195471046,
      "probe_mse_permuted": 0.42486685514450073
    },
    {
      "seed": 1237,
      "seed_index": 3,
      "avg_nll_model": -1.4841183909696691,
      "avg_nll_baseline": -0.8584633626302083,
      "delta_nll": 0.6256550283394609,
      "n_eval_samples": 510000,
      "probe_r2_trained": 0.9922696908513532,
      "probe_mse_trained": 0.0032834182493388653,
      "probe_r2_random": -0.0011019885393768192,
      "probe_mse_random": 0.42521411180496216,
      "probe_r2_permuted": -6.7824651817094406e-06,
      "probe_mse_permuted": 0.4247489273548126
    },
    {
      "seed": 1238,
      "seed_index": 4,
      "avg_nll_model": -1.4940328565410539,
      "avg_nll_baseline": -0.8584633626302083,
      "delta_nll": 0.6355694939108456,
      "n_eval_samples": 510000,
      "probe_r2_trained": 0.9969146144316389,
      "probe_mse_trained": 0.0013105053221806884,
      "probe_r2_random": 1.0828959292941143e-05,
      "probe_mse_random": 0.4247414469718933,
      "probe_r2_permuted": -0.0009640440751659263,
      "probe_mse_permuted": 0.42515552043914795
    },
    {
      "seed": 1239,
      "seed_index": 5,
      "avg_nll_model": -1.4862102519914215,
      "avg_nll_baseline": -0.8584633626302083,
      "delta_nll": 0.6277468893612133,
      "n_eval_samples": 510000,
      "probe_r2_trained": 0.9928958019877175,
      "probe_mse_trained": 0.00301748001947999,
      "probe_r2_random": 7.390872443280294e-06,
      "probe_mse_random": 0.4247429072856903,
      "probe_r2_permuted": -0.004211282022103635,
      "probe_mse_permuted": 0.4265347719192505
    },
    {
      "seed": 1240,
      "seed_index": 6,
      "avg_nll_model": -1.4906767635569853,
      "avg_nll_baseline": -0.8584633626302083,
      "delta_nll": 0.632213400926777,
      "n_eval_samples": 510000,
      "probe_r2_trained": 0.9974998163360926,
      "probe_mse_trained": 0.0010619431268423796,
      "probe_r2_random": -1.4079629107266456e-05,
      "probe_mse_random": 0.42475202679634094,
      "probe_r2_permuted": -0.0003811129415625114,
      "probe_mse_permuted": 0.424907922744751
    },
    {
      "seed": 1241,
      "seed_index": 7,
      "avg_nll_model": -1.4744598958333333,
      "avg_nll_baseline": -0.8584633626302083,
      "delta_nll": 0.615996533203125,
      "n_eval_samples": 510000,
      "probe_r2_trained": 0.9987965228316298,
      "probe_mse_trained": 0.0005111721693538129,
      "probe_r2_random": -3.281369418584035e-05,
      "probe_mse_random": 0.42475998401641846,
      "probe_r2_permuted": -0.0015194705139722764,
      "probe_mse_permuted": 0.42539143562316895
    },
    {
      "seed": 1242,
      "seed_index": 8,
      "avg_nll_model": -1.493051979932598,
      "avg_nll_baseline": -0.8584633626302083,
      "delta_nll": 0.6345886173023898,
      "n_eval_samples": 510000,
      "probe_r2_trained": 0.9950171054110775,
      "probe_mse_trained": 0.002116464776918292,
      "probe_r2_random": 1.3565395765025023e-05,
      "probe_mse_random": 0.4247402846813202,
      "probe_r2_permuted": -0.00032182348466625044,
      "probe_mse_permuted": 0.4248827397823334
    },
    {
      "seed": 1243,
      "seed_index": 9,
      "avg_nll_model": -1.4915319431678922,
      "avg_nll_baseline": -0.8584633626302083,
      "delta_nll": 0.6330685805376839,
      "n_eval_samples": 510000,
      "probe_r2_trained": 0.9856617219125928,
      "probe_mse_trained": 0.006090126931667328,
      "probe_r2_random": 6.969882216822931e-06,
      "probe_mse_random": 0.42474308609962463,
      "probe_r2_permuted": -0.00013616679478722915,
      "probe_mse_permuted": 0.42480388283729553
    },
    {
      "seed": 1244,
      "seed_index": 10,
      "avg_nll_model": -1.484943727022059,
      "avg_nll_baseline": -0.8584633626302083,
      "delta_nll": 0.6264803643918506,
      "n_eval_samples": 510000,
      "probe_r2_trained": 0.9978684560441974,
      "probe_mse_trained": 0.0009053648682311177,
      "probe_r2_random": 1.8968103671634928e-05,
      "probe_mse_random": 0.42473798990249634,
      "probe_r2_permuted": -0.0014512700972819648,
      "probe_mse_permuted": 0.4253624677658081
    },
    {
      "seed": 1245,
      "seed_index": 11,
      "avg_nll_model": -1.5109168198529412,
      "avg_nll_baseline": -0.8584633626302083,
      "delta_nll": 0.652453457222733,
      "n_eval_samples": 510000,
      "probe_r2_trained": 0.9963736652875936,
      "probe_mse_trained": 0.001540271332487464,
      "probe_r2_random": -0.00059518647172907,
      "probe_mse_random": 0.42499884963035583,
      "probe_r2_permuted": -1.6114415201995413e-05,
      "probe_mse_permuted": 0.4247528910636902
    },
    {
      "seed": 1246,
      "seed_index": 12,
      "avg_nll_model": -1.4941466145833333,
      "avg_nll_baseline": -0.8584633626302083,
      "delta_nll": 0.635683251953125,
      "n_eval_samples": 510000,
      "probe_r2_trained": 0.994890376389619,
      "probe_mse_trained": 0.002170292427763343,
      "probe_r2_random": -0.0008362735414282341,
      "probe_mse_random": 0.42510125041007996,
      "probe_r2_permuted": -1.323764865435173e-05,
      "probe_mse_permuted": 0.4247516691684723
    },
    {
      "seed": 1247,
      "seed_index": 13,
      "avg_nll_model": -1.4896189682904413,
      "avg_nll_baseline": -0.8584633626302083,
      "delta_nll": 0.631155605660233,
      "n_eval_samples": 510000,
      "probe_r2_trained": 0.9939413158665857,
      "probe_mse_trained": 0.0025734021328389645,
      "probe_r2_random": -0.0015146992914054636,
      "probe_mse_random": 0.4253894090652466,
      "probe_r2_permuted": -0.0002940381297185102,
      "probe_mse_permuted": 0.42487093806266785
    },
    {
      "seed": 1248,
      "seed_index": 14,