{
  "metadata": {
    "timestamp": "2025-11-28T06:37:12.171133",
    "world_id": "E3_osc_struct",
    "world_type": "oscillator",
    "model_id": "rnn_tanh",
    "model_type": "rnn_tanh",
    "time_cond_type": "full_time",
    "readout_only": false,
    "scramble_core": false,
    "n_seeds": 20,
    "master_seed": 1234,
    "device": "cuda",
    "output_dir": "D:\\tiny_world_model"
  },
  "hyperparameters": {
    "hidden_dim": 4,
    "learning_rate": 0.001,
    "batch_size": 64,
    "max_steps": 20000,
    "n_train_seqs": 20000,
    "n_eval_seqs": 2000,
    "sequence_length": 256
  },
  "per_seed_results": [
    {
      "seed": 1234,
      "seed_index": 0,
      "avg_nll_model": -1.4673751455269608,
      "avg_nll_baseline": -0.8586779359106924,
      "delta_nll": 0.6086972096162684,
      "n_eval_samples": 510000,
      "probe_r2_trained": 0.9976581369950598,
      "probe_mse_trained": 0.000990712782368064,
      "probe_r2_random": 1.1083850898541137e-05,
      "probe_mse_random": 0.4230400323867798,
      "probe_r2_permuted": -7.767963984672832e-05,
      "probe_mse_permuted": 0.4230775833129883
    },
    {
      "seed": 1235,
      "seed_index": 1,
      "avg_nll_model": -1.4725683708639705,
      "avg_nll_baseline": -0.8586779359106924,
      "delta_nll": 0.6138904349532781,
      "n_eval_samples": 510000,
      "probe_r2_trained": 0.9806831799508383,
      "probe_mse_trained": 0.00817187875509262,
      "probe_r2_random": -0.00041258569937285827,
      "probe_mse_random": 0.4232192635536194,
      "probe_r2_permuted": -2.4562439829400873e-05,
      "probe_mse_permuted": 0.42305511236190796
    },
    {
      "seed": 1236,
      "seed_index": 2,
      "avg_nll_model": -1.4696735495174633,
      "avg_nll_baseline": -0.8586779359106924,
      "delta_nll": 0.6109956136067709,
      "n_eval_samples": 510000,
      "probe_r2_trained": 0.998734442752806,
      "probe_mse_trained": 0.0005353873129934072,
      "probe_r2_random": 9.604459386136632e-06,
      "probe_mse_random": 0.4230406582355499,
      "probe_r2_permuted": -0.0003878587269510181,
      "probe_mse_permuted": 0.4232088029384613
    },
    {
      "seed": 1237,
      "seed_index": 3,
      "avg_nll_model": -1.4836771369485293,
      "avg_nll_baseline": -0.8586779359106924,
      "delta_nll": 0.6249992010378369,
      "n_eval_samples": 510000,
      "probe_r2_trained": 0.9959560788978473,
      "probe_mse_trained": 0.001710759475827217,
      "probe_r2_random": -0.0008126554326601809,
      "probe_mse_random": 0.4233885109424591,
      "probe_r2_permuted": -0.0010388614396308338,
      "probe_mse_permuted": 0.423484206199646
    },
    {
      "seed": 1238,
      "seed_index": 4,
      "avg_nll_model": -1.4706666321997548,
      "avg_nll_baseline": -0.8586779359106924,
      "delta_nll": 0.6119886962890624,
      "n_eval_samples": 510000,
      "probe_r2_trained": 0.9986560636218288,
      "probe_mse_trained": 0.0005685451906174421,
      "probe_r2_random": 1.509934214649622e-05,
      "probe_mse_random": 0.4230383336544037,
      "probe_r2_permuted": -0.0003043083301066396,
      "probe_mse_permuted": 0.4231734573841095
    },
    {
      "seed": 1239,
      "seed_index": 5,
      "avg_nll_model": -1.482357253370098,
      "avg_nll_baseline": -0.8586779359106924,
      "delta_nll": 0.6236793174594055,
      "n_eval_samples": 510000,
      "probe_r2_trained": 0.9969400608286526,
      "probe_mse_trained": 0.0012944911140948534,
      "probe_r2_random": 1.094295646875132e-05,
      "probe_mse_random": 0.42304009199142456,
      "probe_r2_permuted": -0.00016573865844327074,
      "probe_mse_permuted": 0.4231148362159729
    },
    {
      "seed": 1240,
      "seed_index": 6,
      "avg_nll_model": -1.475606809129902,
      "avg_nll_baseline": -0.8586779359106924,
      "delta_nll": 0.6169288732192095,
      "n_eval_samples": 510000,
      "probe_r2_trained": 0.9922854075037619,
      "probe_mse_trained": 0.0032636176329106092,
      "probe_r2_random": -1.2444117050147696e-06,
      "probe_mse_random": 0.42304524779319763,
      "probe_r2_permuted": -0.00041505135189345843,
      "probe_mse_permuted": 0.42322030663490295
    },
    {
      "seed": 1241,
      "seed_index": 7,
      "avg_nll_model": -1.4772705662147672,
      "avg_nll_baseline": -0.8586779359106924,
      "delta_nll": 0.6185926303040747,
      "n_eval_samples": 510000,
      "probe_r2_trained": 0.9963367310671654,
      "probe_mse_trained": 0.0015497265849262476,
      "probe_r2_random": 6.716123576167021e-06,
      "probe_mse_random": 0.4230418801307678,
      "probe_r2_permuted": -0.00048669616942365046,
      "probe_mse_permuted": 0.42325061559677124
    },
    {
      "seed": 1242,
      "seed_index": 8,
      "avg_nll_model": -1.488837096928615,
      "avg_nll_baseline": -0.8586779359106924,
      "delta_nll": 0.6301591610179227,
      "n_eval_samples": 510000,
      "probe_r2_trained": 0.9990704406753667,
      "probe_mse_trained": 0.0003932451654691249,
      "probe_r2_random": 3.7587423717955204e-07,
      "probe_mse_random": 0.4230445623397827,
      "probe_r2_permuted": -0.0006115990814008487,
      "probe_mse_permuted": 0.4233034551143646
    },
    {
      "seed": 1243,
      "seed_index": 9,
      "avg_nll_model": -1.472117374195772,
      "avg_nll_baseline": -0.8586779359106924,
      "delta_nll": 0.6134394382850796,
      "n_eval_samples": 510000,
      "probe_r2_trained": 0.997884585439516,
      "probe_mse_trained": 0.0008949149632826447,
      "probe_r2_random": -7.239609873099795e-05,
      "probe_mse_random": 0.4230753481388092,
      "probe_r2_permuted": -0.00017158577727793833,
      "probe_mse_permuted": 0.4231173098087311
    },
    {
      "seed": 1244,
      "seed_index": 10,
      "avg_nll_model": -1.4844396292892157,
      "avg_nll_baseline": -0.8586779359106924,
      "delta_nll": 0.6257616933785233,
      "n_eval_samples": 510000,
      "probe_r2_trained": 0.9990315487218424,
      "probe_mse_trained": 0.0004096982011105865,
      "probe_r2_random": -0.00022125106376646997,
      "probe_mse_random": 0.4231383204460144,
      "probe_r2_permuted": -0.000263167156618227,
      "probe_mse_permuted": 0.4231560528278351
    },
    {
      "seed": 1245,
      "seed_index": 11,
      "avg_nll_model": -1.4879234585631127,
      "avg_nll_baseline": -0.8586779359106924,
      "delta_nll": 0.6292455226524203,
      "n_eval_samples": 510000,
      "probe_r2_trained": 0.9963980740802574,
      "probe_mse_trained": 0.0015237757470458746,
      "probe_r2_random": -3.970859102797597e-05,
      "probe_mse_random": 0.4230615198612213,
      "probe_r2_permuted": -0.00010825373110345815,
      "probe_mse_permuted": 0.42309051752090454
    },
    {
      "seed": 1246,
      "seed_index": 12,
      "avg_nll_model": -1.4757982632506128,
      "avg_nll_baseline": -0.8586779359106924,
      "delta_nll": 0.6171203273399204,
      "n_eval_samples": 510000,
      "probe_r2_trained": 0.9950983675456517,
      "probe_mse_trained": 0.002073609735816717,
      "probe_r2_random": -2.885971993693559e-05,
      "probe_mse_random": 0.4230569303035736,
      "probe_r2_permuted": -6.408332737550815e-05,
      "probe_mse_permuted": 0.42307183146476746
    },
    {
      "seed": 1247,
      "seed_index": 13,
      "avg_nll_model": -1.4732099858302696,
      "avg_nll_baseline": -0.8586779359106924,
      "delta_nll": 0.6145320499195772,
      "n_eval_samples": 510000,
      "probe_r2_trained": 0.9909678618630952,
      "probe_mse_trained": 0.0038209983613342047,
      "probe_r2_random": 8.054620658781708e-06,
      "probe_mse_random": 0.42304131388664246,
      "probe_r2_permuted": -0.00031755240650355177,
      "probe_mse_permuted": 0.4231790602207184
    },
    {
      "seed": 1248,
      "seed_index": 14,