{
  "metadata": {
    "timestamp": "2025-11-27T18:14:18.620020",
    "world_id": "E3_osc_nonstat",
    "world_type": "oscillator_nonstat",
    "model_id": "rnn_tanh",
    "model_type": "rnn_tanh",
    "time_cond_type": "full_time",
    "readout_only": false,
    "scramble_core": false,
    "n_seeds": 20,
    "master_seed": 1234,
    "device": "cuda",
    "output_dir": "D:\\tiny_world_model"
  },
  "hyperparameters": {
    "hidden_dim": 16,
    "learning_rate": 0.001,
    "batch_size": 64,
    "max_steps": 20000,
    "n_train_seqs": 20000,
    "n_eval_seqs": 2000,
    "sequence_length": 256
  },
  "per_seed_results": [
    {
      "seed": 1234,
      "seed_index": 0,
      "avg_nll_model": -1.5018863692938114,
      "avg_nll_baseline": -0.8451491373697917,
      "delta_nll": 0.6567372319240197,
      "n_eval_samples": 510000,
      "probe_r2_trained": 0.9989413305879626,
      "probe_mse_trained": 0.0004485987883526832,
      "probe_r2_random": 1.992892795676937e-06,
      "probe_mse_random": 0.42373746633529663,
      "probe_r2_permuted": -0.00015646488793374935,
      "probe_mse_permuted": 0.4238046109676361
    },
    {
      "seed": 1235,
      "seed_index": 1,
      "avg_nll_model": -1.505474010033701,
      "avg_nll_baseline": -0.8451491373697917,
      "delta_nll": 0.6603248726639093,
      "n_eval_samples": 510000,
      "probe_r2_trained": 0.997422427463005,
      "probe_mse_trained": 0.001092216232791543,
      "probe_r2_random": 1.2402014654577798e-05,
      "probe_mse_random": 0.42373305559158325,
      "probe_r2_permuted": -0.00029733969255030246,
      "probe_mse_permuted": 0.42386430501937866
    },
    {
      "seed": 1236,
      "seed_index": 2,
      "avg_nll_model": -1.5009400945925244,
      "avg_nll_baseline": -0.8451491373697917,
      "delta_nll": 0.6557909572227327,
      "n_eval_samples": 510000,
      "probe_r2_trained": 0.9883543267736855,
      "probe_mse_trained": 0.0049347179010510445,
      "probe_r2_random": -0.0038307442402949476,
      "probe_mse_random": 0.4253615438938141,
      "probe_r2_permuted": -5.982885121724735e-05,
      "probe_mse_permuted": 0.4237636625766754
    },
    {
      "seed": 1237,
      "seed_index": 3,
      "avg_nll_model": -1.5138616546032475,
      "avg_nll_baseline": -0.8451491373697917,
      "delta_nll": 0.6687125172334558,
      "n_eval_samples": 510000,
      "probe_r2_trained": 0.9978345277788162,
      "probe_mse_trained": 0.0009175935410894454,
      "probe_r2_random": -7.234793020960417e-05,
      "probe_mse_random": 0.4237689673900604,
      "probe_r2_permuted": -0.0004332912638553843,
      "probe_mse_permuted": 0.4239219129085541
    },
    {
      "seed": 1238,
      "seed_index": 4,
      "avg_nll_model": -1.5110159064797795,
      "avg_nll_baseline": -0.8451491373697917,
      "delta_nll": 0.6658667691099878,
      "n_eval_samples": 510000,
      "probe_r2_trained": 0.9952763631385408,
      "probe_mse_trained": 0.002001585904508829,
      "probe_r2_random": 3.033665028973065e-05,
      "probe_mse_random": 0.4237254559993744,
      "probe_r2_permuted": -0.0003014189430086134,
      "probe_mse_permuted": 0.42386603355407715
    },
    {
      "seed": 1239,
      "seed_index": 5,
      "avg_nll_model": -1.5151414177389706,
      "avg_nll_baseline": -0.8451491373697917,
      "delta_nll": 0.6699922803691789,
      "n_eval_samples": 510000,
      "probe_r2_trained": 0.9980747531294537,
      "probe_mse_trained": 0.0008158008567988873,
      "probe_r2_random": -2.3467256615727905e-05,
      "probe_mse_random": 0.423748254776001,
      "probe_r2_permuted": -2.037265281984446e-05,
      "probe_mse_permuted": 0.4237469434738159
    },
    {
      "seed": 1240,
      "seed_index": 6,
      "avg_nll_model": -1.4967108025045956,
      "avg_nll_baseline": -0.8451491373697917,
      "delta_nll": 0.651561665134804,
      "n_eval_samples": 510000,
      "probe_r2_trained": 0.9911764164185266,
      "probe_mse_trained": 0.003738890402019024,
      "probe_r2_random": -0.00012179125903921673,
      "probe_mse_random": 0.423789918422699,
      "probe_r2_permuted": -9.745642009884037e-05,
      "probe_mse_permuted": 0.42377960681915283
    },
    {
      "seed": 1241,
      "seed_index": 7,
      "avg_nll_model": -1.5040650361902574,
      "avg_nll_baseline": -0.8451491373697917,
      "delta_nll": 0.6589158988204658,
      "n_eval_samples": 510000,
      "probe_r2_trained": 0.994138123685192,
      "probe_mse_trained": 0.0024839015677571297,
      "probe_r2_random": 6.916126107259224e-06,
      "probe_mse_random": 0.4237353801727295,
      "probe_r2_permuted": -0.0005252853948780611,
      "probe_mse_permuted": 0.4239608943462372
    },
    {
      "seed": 1242,
      "seed_index": 8,
      "avg_nll_model": -1.5117360140931373,
      "avg_nll_baseline": -0.8451491373697917,
      "delta_nll": 0.6665868767233456,
      "n_eval_samples": 510000,
      "probe_r2_trained": 0.9879150864474091,
      "probe_mse_trained": 0.005120840854942799,
      "probe_r2_random": 2.8297025060575187e-05,
      "probe_mse_random": 0.42372632026672363,
      "probe_r2_permuted": -0.000974776596228244,
      "probe_mse_permuted": 0.42415136098861694
    },
    {
      "seed": 1243,
      "seed_index": 9,
      "avg_nll_model": -1.5077230219822304,
      "avg_nll_baseline": -0.8451491373697917,
      "delta_nll": 0.6625738846124387,
      "n_eval_samples": 510000,
      "probe_r2_trained": 0.9863479861183706,
      "probe_mse_trained": 0.005784881301224232,
      "probe_r2_random": 1.7747239392851277e-05,
      "probe_mse_random": 0.4237307906150818,
      "probe_r2_permuted": -0.00019015387016607654,
      "probe_mse_permuted": 0.4238188862800598
    },
    {
      "seed": 1244,
      "seed_index": 10,
      "avg_nll_model": -1.5132552571614584,
      "avg_nll_baseline": -0.8451491373697917,
      "delta_nll": 0.6681061197916667,
      "n_eval_samples": 510000,
      "probe_r2_trained": 0.9893638676333759,
      "probe_mse_trained": 0.004506936762481928,
      "probe_r2_random": 4.0605108339586415e-05,
      "probe_mse_random": 0.4237211048603058,
      "probe_r2_permuted": -8.894625966027192e-05,
      "probe_mse_permuted": 0.4237760007381439
    },
    {
      "seed": 1245,
      "seed_index": 11,
      "avg_nll_model": -1.5110906575520833,
      "avg_nll_baseline": -0.8451491373697917,
      "delta_nll": 0.6659415201822916,
      "n_eval_samples": 510000,
      "probe_r2_trained": 0.9988127484128375,
      "probe_mse_trained": 0.000503083982039243,
      "probe_r2_random": -1.1721828572452964e-05,
      "probe_mse_random": 0.42374327778816223,
      "probe_r2_permuted": -0.00015196364604896928,
      "probe_mse_permuted": 0.4238027036190033
    },
    {
      "seed": 1246,
      "seed_index": 12,
      "avg_nll_model": -1.5124868843826593,
      "avg_nll_baseline": -0.8451491373697917,
      "delta_nll": 0.6673377470128676,
      "n_eval_samples": 510000,
      "probe_r2_trained": 0.9903754657012716,
      "probe_mse_trained": 0.004078283905982971,
      "probe_r2_random": 4.180075071524847e-05,
      "probe_mse_random": 0.4237205982208252,
      "probe_r2_permuted": -0.00021026879483931893,
      "probe_mse_permuted": 0.4238274097442627
    },
    {
      "seed": 1247,
      "seed_index": 13,
      "avg_nll_model": -1.51781661975337,
      "avg_nll_baseline": -0.8451491373697917,
      "delta_nll": 0.6726674823835783,
      "n_eval_samples": 510000,
      "probe_r2_trained": 0.9564872727453348,
      "probe_mse_trained": 0.018438009545207024,
      "probe_r2_random": -6.517267642891511e-06,
      "probe_mse_random": 0.42374107241630554,
      "probe_r2_permuted": -0.00020752585056560413,
      "probe_mse_permuted": 0.4238262474536896
    },
    {
      "seed": 1248,
      "seed_index": 14,