{
  "metadata": {
    "timestamp": "2025-11-27T17:25:52.994787",
    "world_id": "E3_osc_struct",
    "world_type": "oscillator",
    "model_id": "rnn_tanh",
    "model_type": "rnn_tanh",
    "time_cond_type": "full_time",
    "readout_only": true,
    "scramble_core": false,
    "n_seeds": 20,
    "master_seed": 1234,
    "device": "cuda",
    "output_dir": "D:\\tiny_world_model"
  },
  "hyperparameters": {
    "hidden_dim": 16,
    "learning_rate": 0.001,
    "batch_size": 64,
    "max_steps": 20000,
    "n_train_seqs": 20000,
    "n_eval_seqs": 2000,
    "sequence_length": 256
  },
  "per_seed_results": [
    {
      "seed": 1234,
      "seed_index": 0,
      "avg_nll_model": -0.5825955327052696,
      "avg_nll_baseline": -0.8608153004365808,
      "delta_nll": -0.2782197677313112,
      "n_eval_samples": 510000,
      "probe_r2_trained": 0.9812804492705429,
      "probe_mse_trained": 0.007951213046908379,
      "probe_r2_random": -3.688253400957464e-05,
      "probe_mse_random": 0.42477014660835266,
      "probe_r2_permuted": -7.8068593347691e-05,
      "probe_mse_permuted": 0.42478764057159424
    },
    {
      "seed": 1235,
      "seed_index": 1,
      "avg_nll_model": -0.4802111174938726,
      "avg_nll_baseline": -0.8608153004365808,
      "delta_nll": -0.38060418294270826,
      "n_eval_samples": 510000,
      "probe_r2_trained": 0.9781570488559487,
      "probe_mse_trained": 0.009277891367673874,
      "probe_r2_random": 2.2335581972399154e-05,
      "probe_mse_random": 0.42474499344825745,
      "probe_r2_permuted": -0.001017349302647963,
      "probe_mse_permuted": 0.4251866042613983
    },
    {
      "seed": 1236,
      "seed_index": 2,
      "avg_nll_model": -0.9324697294347426,
      "avg_nll_baseline": -0.8608153004365808,
      "delta_nll": 0.07165442899816177,
      "n_eval_samples": 510000,
      "probe_r2_trained": 0.9903410106768735,
      "probe_mse_trained": 0.004102698992937803,
      "probe_r2_random": -0.00392668482301417,
      "probe_mse_random": 0.4264223575592041,
      "probe_r2_permuted": -0.00022667519245866963,
      "probe_mse_permuted": 0.4248507618904114
    },
    {
      "seed": 1237,
      "seed_index": 3,
      "avg_nll_model": -0.7416115914139093,
      "avg_nll_baseline": -0.8608153004365808,
      "delta_nll": -0.11920370902267152,
      "n_eval_samples": 510000,
      "probe_r2_trained": 0.9748785933647885,
      "probe_mse_trained": 0.010670430026948452,
      "probe_r2_random": 2.338943281832151e-06,
      "probe_mse_random": 0.42475348711013794,
      "probe_r2_permuted": -9.231181318680726e-05,
      "probe_mse_permuted": 0.42479369044303894
    },
    {
      "seed": 1238,
      "seed_index": 4,
      "avg_nll_model": -1.1928708639705883,
      "avg_nll_baseline": -0.8608153004365808,
      "delta_nll": 0.33205556353400745,
      "n_eval_samples": 510000,
      "probe_r2_trained": 0.977449137149708,
      "probe_mse_trained": 0.009578580036759377,
      "probe_r2_random": 3.461421976480583e-05,
      "probe_mse_random": 0.4247397780418396,
      "probe_r2_permuted": -0.0001690006766563723,
      "probe_mse_permuted": 0.4248262643814087
    },
    {
      "seed": 1239,
      "seed_index": 5,
      "avg_nll_model": -0.676578884229473,
      "avg_nll_baseline": -0.8608153004365808,
      "delta_nll": -0.18423641620710784,
      "n_eval_samples": 510000,
      "probe_r2_trained": 0.9877591935676308,
      "probe_mse_trained": 0.005199337378144264,
      "probe_r2_random": 1.4617581074238828e-05,
      "probe_mse_random": 0.4247482717037201,
      "probe_r2_permuted": -0.000214677209244174,
      "probe_mse_permuted": 0.4248456656932831
    },
    {
      "seed": 1240,
      "seed_index": 6,
      "avg_nll_model": -0.9128165551279105,
      "avg_nll_baseline": -0.8608153004365808,
      "delta_nll": 0.05200125469132966,
      "n_eval_samples": 510000,
      "probe_r2_trained": 0.9808092477748019,
      "probe_mse_trained": 0.008151357993483543,
      "probe_r2_random": 2.843981904632198e-05,
      "probe_mse_random": 0.4247424006462097,
      "probe_r2_permuted": -0.0001370762183958707,
      "probe_mse_permuted": 0.4248127043247223
    },
    {
      "seed": 1241,
      "seed_index": 7,
      "avg_nll_model": -0.5298593297621783,
      "avg_nll_baseline": -0.8608153004365808,
      "delta_nll": -0.3309559706744025,
      "n_eval_samples": 510000,
      "probe_r2_trained": 0.9802235041293685,
      "probe_mse_trained": 0.00840015523135662,
      "probe_r2_random": -6.080694061605385e-06,
      "probe_mse_random": 0.42475706338882446,
      "probe_r2_permuted": -0.0004681784569249281,
      "probe_mse_permuted": 0.4249533414840698
    },
    {
      "seed": 1242,
      "seed_index": 8,
      "avg_nll_model": -1.0040760081571691,
      "avg_nll_baseline": -0.8608153004365808,
      "delta_nll": 0.1432607077205883,
      "n_eval_samples": 510000,
      "probe_r2_trained": 0.98853624935294,
      "probe_mse_trained": 0.0048692794516682625,
      "probe_r2_random": -0.00017615736839826646,
      "probe_mse_random": 0.42482930421829224,
      "probe_r2_permuted": -0.0016215284456813084,
      "probe_mse_permuted": 0.42544323205947876
    },
    {
      "seed": 1243,
      "seed_index": 9,
      "avg_nll_model": -0.7727350155101103,
      "avg_nll_baseline": -0.8608153004365808,
      "delta_nll": -0.08808028492647058,
      "n_eval_samples": 510000,
      "probe_r2_trained": 0.9877988930347504,
      "probe_mse_trained": 0.005182474851608276,
      "probe_r2_random": 5.285816351952022e-06,
      "probe_mse_random": 0.42475223541259766,
      "probe_r2_permuted": -0.00010894059694011027,
      "probe_mse_permuted": 0.4248007535934448
    },
    {
      "seed": 1244,
      "seed_index": 10,
      "avg_nll_model": -0.7852150314031863,
      "avg_nll_baseline": -0.8608153004365808,
      "delta_nll": -0.07560026903339456,
      "n_eval_samples": 510000,
      "probe_r2_trained": 0.9720528468638084,
      "probe_mse_trained": 0.011870678514242172,
      "probe_r2_random": -4.3898898462346736e-05,
      "probe_mse_random": 0.42477312684059143,
      "probe_r2_permuted": -0.0007905804035326369,
      "probe_mse_permuted": 0.4250902831554413
    },
    {
      "seed": 1245,
      "seed_index": 11,
      "avg_nll_model": -1.0183182377833946,
      "avg_nll_baseline": -0.8608153004365808,
      "delta_nll": 0.15750293734681375,
      "n_eval_samples": 510000,
      "probe_r2_trained": 0.9933183928730558,
      "probe_mse_trained": 0.002838042564690113,
      "probe_r2_random": 1.91782179685962e-05,
      "probe_mse_random": 0.4247463345527649,
      "probe_r2_permuted": -0.00021811522782622106,
      "probe_mse_permuted": 0.4248471260070801
    },
    {
      "seed": 1246,
      "seed_index": 12,
      "avg_nll_model": -0.8908066439759498,
      "avg_nll_baseline": -0.8608153004365808,
      "delta_nll": 0.029991343539368942,
      "n_eval_samples": 510000,
      "probe_r2_trained": 0.9882735468010636,
      "probe_mse_trained": 0.0049808635376393795,
      "probe_r2_random": 4.65434355123584e-06,
      "probe_mse_random": 0.42475250363349915,
      "probe_r2_permuted": -0.0014524340623680576,
      "probe_mse_permuted": 0.4253714084625244
    },
    {
      "seed": 1247,
      "seed_index": 13,
      "avg_nll_model": -0.7982162904028799,
      "avg_nll_baseline": -0.8608153004365808,
      "delta_nll": -0.06259901003370094,
      "n_eval_samples": 510000,
      "probe_r2_trained": 0.9853882160175816,
      "probe_mse_trained": 0.006206420715898275,
      "probe_r2_random": 2.8720473624455067e-05,
      "probe_mse_random": 0.42474228143692017,
      "probe_r2_permuted": -0.0003039955287287288,
      "probe_mse_permuted": 0.4248836040496826
    },
    {
      "seed": 1248,
      "seed_index": 14,