{
  "metadata": {
    "timestamp": "2025-11-27T19:00:30.477675",
    "world_id": "E3_osc_struct",
    "world_type": "oscillator",
    "model_id": "gru",
    "model_type": "gru",
    "time_cond_type": "full_time",
    "readout_only": false,
    "scramble_core": true,
    "n_seeds": 20,
    "master_seed": 1234,
    "device": "cuda",
    "output_dir": "D:\\tiny_world_model"
  },
  "hyperparameters": {
    "hidden_dim": 16,
    "learning_rate": 0.001,
    "batch_size": 64,
    "max_steps": 20000,
    "n_train_seqs": 20000,
    "n_eval_seqs": 2000,
    "sequence_length": 256
  },
  "per_seed_results": [
    {
      "seed": 1234,
      "seed_index": 0,
      "avg_nll_model": 162.3329068627451,
      "avg_nll_baseline": -0.860641681506587,
      "delta_nll": -163.19354854425168,
      "n_eval_samples": 510000,
      "probe_r2_trained": 0.9928613224678655,
      "probe_mse_trained": 0.0030316119082272053,
      "probe_r2_random": -0.0001409618734697915,
      "probe_mse_random": 0.4247340261936188,
      "probe_r2_permuted": -0.00024398158373961643,
      "probe_mse_permuted": 0.4247777760028839
    },
    {
      "seed": 1235,
      "seed_index": 1,
      "avg_nll_model": 74.64199981617647,
      "avg_nll_baseline": -0.860641681506587,
      "delta_nll": -75.50264149768306,
      "n_eval_samples": 510000,
      "probe_r2_trained": 0.981627885581076,
      "probe_mse_trained": 0.007802162319421768,
      "probe_r2_random": -2.571601924739042e-07,
      "probe_mse_random": 0.42467427253723145,
      "probe_r2_permuted": -0.0007041316111506823,
      "probe_mse_permuted": 0.42497318983078003
    },
    {
      "seed": 1236,
      "seed_index": 2,
      "avg_nll_model": 45.11135808823529,
      "avg_nll_baseline": -0.860641681506587,
      "delta_nll": -45.97199976974188,
      "n_eval_samples": 510000,
      "probe_r2_trained": 0.9723295891692211,
      "probe_mse_trained": 0.011750908568501472,
      "probe_r2_random": 8.655307930371947e-06,
      "probe_mse_random": 0.4246704876422882,
      "probe_r2_permuted": -0.0001858049217411395,
      "probe_mse_permuted": 0.4247530698776245
    },
    {
      "seed": 1237,
      "seed_index": 3,
      "avg_nll_model": 168.38942781862744,
      "avg_nll_baseline": -0.860641681506587,
      "delta_nll": -169.25006950013403,
      "n_eval_samples": 510000,
      "probe_r2_trained": 0.9911117527812797,
      "probe_mse_trained": 0.003774608951061964,
      "probe_r2_random": -0.00039430053428324285,
      "probe_mse_random": 0.42484161257743835,
      "probe_r2_permuted": -0.00018075218390767311,
      "probe_mse_permuted": 0.4247509241104126
    },
    {
      "seed": 1238,
      "seed_index": 4,
      "avg_nll_model": 130.93657267156863,
      "avg_nll_baseline": -0.860641681506587,
      "delta_nll": -131.79721435307522,
      "n_eval_samples": 510000,
      "probe_r2_trained": 0.9876196003971432,
      "probe_mse_trained": 0.005257635843008757,
      "probe_r2_random": 4.0094565560422346e-05,
      "probe_mse_random": 0.4246571362018585,
      "probe_r2_permuted": -0.0005211102185185279,
      "probe_mse_permuted": 0.4248954653739929
    },
    {
      "seed": 1239,
      "seed_index": 5,
      "avg_nll_model": 121.25784583333333,
      "avg_nll_baseline": -0.860641681506587,
      "delta_nll": -122.11848751483993,
      "n_eval_samples": 510000,
      "probe_r2_trained": 0.9960740103676634,
      "probe_mse_trained": 0.0016672663623467088,
      "probe_r2_random": 2.781360554870993e-05,
      "probe_mse_random": 0.42466235160827637,
      "probe_r2_permuted": -0.0002613152815846842,
      "probe_mse_permuted": 0.42478513717651367
    },
    {
      "seed": 1240,
      "seed_index": 6,
      "avg_nll_model": 56.75991176470588,
      "avg_nll_baseline": -0.860641681506587,
      "delta_nll": -57.62055344621247,
      "n_eval_samples": 510000,
      "probe_r2_trained": 0.9893208532781972,
      "probe_mse_trained": 0.004535157699137926,
      "probe_r2_random": 6.900885071603469e-06,
      "probe_mse_random": 0.4246712327003479,
      "probe_r2_permuted": -0.0002740874799969095,
      "probe_mse_permuted": 0.42479056119918823
    },
    {
      "seed": 1241,
      "seed_index": 7,
      "avg_nll_model": 35.47438259803921,
      "avg_nll_baseline": -0.860641681506587,
      "delta_nll": -36.3350242795458,
      "n_eval_samples": 510000,
      "probe_r2_trained": 0.9594986307494195,
      "probe_mse_trained": 0.017199885100126266,
      "probe_r2_random": 2.4655644402793442e-05,
      "probe_mse_random": 0.4246636927127838,
      "probe_r2_permuted": -4.2293131889747926e-05,
      "probe_mse_permuted": 0.4246921241283417
    },
    {
      "seed": 1242,
      "seed_index": 8,
      "avg_nll_model": 250.55209080882352,
      "avg_nll_baseline": -0.860641681506587,
      "delta_nll": -251.41273249033011,
      "n_eval_samples": 510000,
      "probe_r2_trained": 0.9939808235318779,
      "probe_mse_trained": 0.0025561887305229902,
      "probe_r2_random": 2.8306240390518767e-06,
      "probe_mse_random": 0.4246729612350464,
      "probe_r2_permuted": -0.0006820960600437687,
      "probe_mse_permuted": 0.4249638319015503
    },
    {
      "seed": 1243,
      "seed_index": 9,
      "avg_nll_model": 99.11945857843138,
      "avg_nll_baseline": -0.860641681506587,
      "delta_nll": -99.98010025993797,
      "n_eval_samples": 510000,
      "probe_r2_trained": 0.9928275218667189,
      "probe_mse_trained": 0.00304596615023911,
      "probe_r2_random": 9.357077073945952e-06,
      "probe_mse_random": 0.42467018961906433,
      "probe_r2_permuted": -0.000766799595667722,
      "probe_mse_permuted": 0.42499980330467224
    },
    {
      "seed": 1244,
      "seed_index": 10,
      "avg_nll_model": 389.0014345588235,
      "avg_nll_baseline": -0.860641681506587,
      "delta_nll": -389.8620762403301,
      "n_eval_samples": 510000,
      "probe_r2_trained": 0.984745386446283,
      "probe_mse_trained": 0.006478240247815847,
      "probe_r2_random": -1.4783781463467704e-05,
      "probe_mse_random": 0.4246804416179657,
      "probe_r2_permuted": -9.022396439273273e-05,
      "probe_mse_permuted": 0.42471247911453247
    },
    {
      "seed": 1245,
      "seed_index": 11,
      "avg_nll_model": 7.293648690257353,
      "avg_nll_baseline": -0.860641681506587,
      "delta_nll": -8.15429037176394,
      "n_eval_samples": 510000,
      "probe_r2_trained": 0.9617933456718405,
      "probe_mse_trained": 0.016225378960371017,
      "probe_r2_random": 1.167291524750702e-05,
      "probe_mse_random": 0.42466920614242554,
      "probe_r2_permuted": -0.0012247039618193956,
      "probe_mse_permuted": 0.42519426345825195
    },
    {
      "seed": 1246,
      "seed_index": 12,
      "avg_nll_model": 153.09432009803922,
      "avg_nll_baseline": -0.860641681506587,
      "delta_nll": -153.9549617795458,
      "n_eval_samples": 510000,
      "probe_r2_trained": 0.9684383253219605,
      "probe_mse_trained": 0.01340342778712511,
      "probe_r2_random": 5.4691363745806854e-05,
      "probe_mse_random": 0.4246509373188019,
      "probe_r2_permuted": -9.029414130701241e-05,
      "probe_mse_permuted": 0.42471250891685486
    },
    {
      "seed": 1247,
      "seed_index": 13,
      "avg_nll_model": 182.9323080882353,
      "avg_nll_baseline": -0.860641681506587,
      "delta_nll": -183.79294976974188,
      "n_eval_samples": 510000,
      "probe_r2_trained": 0.9884183441676778,
      "probe_mse_trained": 0.004918430000543594,
      "probe_r2_random": -8.185755071554723e-07,
      "probe_mse_random": 0.42467451095581055,
      "probe_r2_permuted": -9.0153787478231e-05,
      "probe_mse_permuted": 0.4247124493122101
    },
    {
      "seed": 1248,
      "seed_index": 14,
      "avg_nll_model": 39.69761081495098,