{
  "metadata": {
    "timestamp": "2025-11-28T10:47:55.764288",
    "world_id": "E3_osc_struct",
    "world_type": "oscillator",
    "model_id": "gru",
    "model_type": "gru",
    "time_cond_type": "constant_time",
    "readout_only": false,
    "scramble_core": false,
    "n_seeds": 20,
    "master_seed": 1234,
    "device": "cuda",
    "output_dir": "D:\\tiny_world_model"
  },
  "hyperparameters": {
    "hidden_dim": 16,
    "learning_rate": 0.001,
    "batch_size": 64,
    "max_steps": 20000,
    "n_train_seqs": 20000,
    "n_eval_seqs": 2000,
    "sequence_length": 256
  },
  "per_seed_results": [
    {
      "seed": 1234,
      "seed_index": 0,
      "avg_nll_model": -1.5306949745327818,
      "avg_nll_baseline": -0.8571131926891851,
      "delta_nll": 0.6735817818435967,
      "n_eval_samples": 510000,
      "probe_r2_trained": 0.9917737609570231,
      "probe_mse_trained": 0.003485969500616193,
      "probe_r2_random": -5.180668872339922e-06,
      "probe_mse_random": 0.4237644374370575,
      "probe_r2_permuted": -0.00058826955784963,
      "probe_mse_permuted": 0.4240115284919739
    },
    {
      "seed": 1235,
      "seed_index": 1,
      "avg_nll_model": -1.532436225681679,
      "avg_nll_baseline": -0.8571131926891851,
      "delta_nll": 0.675323032992494,
      "n_eval_samples": 510000,
      "probe_r2_trained": 0.999118486067318,
      "probe_mse_trained": 0.00037355232052505016,
      "probe_r2_random": 3.160083986442075e-05,
      "probe_mse_random": 0.42374885082244873,
      "probe_r2_permuted": -0.0004716658456407341,
      "probe_mse_permuted": 0.4239621162414551
    },
    {
      "seed": 1236,
      "seed_index": 2,
      "avg_nll_model": -1.5328874138327206,
      "avg_nll_baseline": -0.8571131926891851,
      "delta_nll": 0.6757742211435356,
      "n_eval_samples": 510000,
      "probe_r2_trained": 0.989470015133747,
      "probe_mse_trained": 0.0044622099958360195,
      "probe_r2_random": 1.8730828203139538e-05,
      "probe_mse_random": 0.4237543046474457,
      "probe_r2_permuted": -0.0005985374360055751,
      "probe_mse_permuted": 0.4240158796310425
    },
    {
      "seed": 1237,
      "seed_index": 3,
      "avg_nll_model": -1.535031946997549,
      "avg_nll_baseline": -0.8571131926891851,
      "delta_nll": 0.677918754308364,
      "n_eval_samples": 510000,
      "probe_r2_trained": 0.9988940556925087,
      "probe_mse_trained": 0.0004686574393417686,
      "probe_r2_random": 1.598803883273714e-05,
      "probe_mse_random": 0.4237554669380188,
      "probe_r2_permuted": -3.1764627385522104e-05,
      "probe_mse_permuted": 0.42377570271492004
    },
    {
      "seed": 1238,
      "seed_index": 4,
      "avg_nll_model": -1.531068083639706,
      "avg_nll_baseline": -0.8571131926891851,
      "delta_nll": 0.6739548909505209,
      "n_eval_samples": 510000,
      "probe_r2_trained": 0.9939054896021541,
      "probe_mse_trained": 0.002582623390480876,
      "probe_r2_random": 3.9619623625197775e-06,
      "probe_mse_random": 0.4237605631351471,
      "probe_r2_permuted": -0.00013008307712492062,
      "probe_mse_permuted": 0.42381736636161804
    },
    {
      "seed": 1239,
      "seed_index": 5,
      "avg_nll_model": -1.5265181353400736,
      "avg_nll_baseline": -0.8571131926891851,
      "delta_nll": 0.6694049426508886,
      "n_eval_samples": 510000,
      "probe_r2_trained": 0.99861773223181,
      "probe_mse_trained": 0.0005857528885826468,
      "probe_r2_random": 4.067314316646975e-05,
      "probe_mse_random": 0.4237450063228607,
      "probe_r2_permuted": -0.00018859591702713452,
      "probe_mse_permuted": 0.4238421618938446
    },
    {
      "seed": 1240,
      "seed_index": 6,
      "avg_nll_model": -1.5347078890931372,
      "avg_nll_baseline": -0.8571131926891851,
      "delta_nll": 0.6775946964039521,
      "n_eval_samples": 510000,
      "probe_r2_trained": 0.9718439242887164,
      "probe_mse_trained": 0.011931481771171093,
      "probe_r2_random": -2.577135920223128e-07,
      "probe_mse_random": 0.42376235127449036,
      "probe_r2_permuted": -0.00018845526116217926,
      "probe_mse_permuted": 0.42384210228919983
    },
    {
      "seed": 1241,
      "seed_index": 7,
      "avg_nll_model": -1.5314202301623774,
      "avg_nll_baseline": -0.8571131926891851,
      "delta_nll": 0.6743070374731923,
      "n_eval_samples": 510000,
      "probe_r2_trained": 0.9955594800518677,
      "probe_mse_trained": 0.001881724689155817,
      "probe_r2_random": -0.00028909453267655927,
      "probe_mse_random": 0.4238847494125366,
      "probe_r2_permuted": -1.537821909547432e-05,
      "probe_mse_permuted": 0.4237687587738037
    },
    {
      "seed": 1242,
      "seed_index": 8,
      "avg_nll_model": -1.5358717026654412,
      "avg_nll_baseline": -0.8571131926891851,
      "delta_nll": 0.6787585099762561,
      "n_eval_samples": 510000,
      "probe_r2_trained": 0.9695987204255021,
      "probe_mse_trained": 0.012882914394140244,
      "probe_r2_random": 4.2571997346030344e-05,
      "probe_mse_random": 0.42374420166015625,
      "probe_r2_permuted": -0.0003568203317461105,
      "probe_mse_permuted": 0.42391344904899597
    },
    {
      "seed": 1243,
      "seed_index": 9,
      "avg_nll_model": -1.533842396216299,
      "avg_nll_baseline": -0.8571131926891851,
      "delta_nll": 0.676729203527114,
      "n_eval_samples": 510000,
      "probe_r2_trained": 0.9974933124879769,
      "probe_mse_trained": 0.001062239520251751,
      "probe_r2_random": 2.5693293528084027e-05,
      "probe_mse_random": 0.4237513542175293,
      "probe_r2_permuted": -0.0008465137262643196,
      "probe_mse_permuted": 0.4241209626197815
    },
    {
      "seed": 1244,
      "seed_index": 10,
      "avg_nll_model": -1.532314461741728,
      "avg_nll_baseline": -0.8571131926891851,
      "delta_nll": 0.6752012690525429,
      "n_eval_samples": 510000,
      "probe_r2_trained": 0.997791621463121,
      "probe_mse_trained": 0.0009358274401165545,
      "probe_r2_random": -0.0002741146830380625,
      "probe_mse_random": 0.42387840151786804,
      "probe_r2_permuted": -0.0003751759221481965,
      "probe_mse_permuted": 0.42392122745513916
    },
    {
      "seed": 1245,
      "seed_index": 11,
      "avg_nll_model": -1.5337429266237745,
      "avg_nll_baseline": -0.8571131926891851,
      "delta_nll": 0.6766297339345895,
      "n_eval_samples": 510000,
      "probe_r2_trained": 0.9879320685199666,
      "probe_mse_trained": 0.005113933701068163,
      "probe_r2_random": 1.9996730989513267e-05,
      "probe_mse_random": 0.4237537682056427,
      "probe_r2_permuted": -0.0007572675798268591,
      "probe_mse_permuted": 0.4240831434726715
    },
    {
      "seed": 1246,
      "seed_index": 12,
      "avg_nll_model": -1.5335121122472426,
      "avg_nll_baseline": -0.8571131926891851,
      "delta_nll": 0.6763989195580575,
      "n_eval_samples": 510000,
      "probe_r2_trained": 0.9962221609302256,
      "probe_mse_trained": 0.001600905554369092,
      "probe_r2_random": -0.0005335544263065373,
      "probe_mse_random": 0.42398834228515625,
      "probe_r2_permuted": -8.204909917641778e-05,
      "probe_mse_permuted": 0.42379701137542725
    },
    {
      "seed": 1247,
      "seed_index": 13,
      "avg_nll_model": -1.5315628963694854,
      "avg_nll_baseline": -0.8571131926891851,
      "delta_nll": 0.6744497036803003,
      "n_eval_samples": 510000,
      "probe_r2_trained": 0.9881626001863248,
      "probe_mse_trained": 0.00501624308526516,
      "probe_r2_random": -0.00036947935960962575,
      "probe_mse_random": 0.42391881346702576,
      "probe_r2_permuted": -0.00013676423071973254,
      "probe_mse_permuted": 0.4238201975822449
    },
    {
      "seed": 1248,
      "seed_index": 14,