{
  "metadata": {
    "timestamp": "2025-11-27T17:42:14.996020",
    "world_id": "E3_osc_struct",
    "world_type": "oscillator",
    "model_id": "rnn_tanh",
    "model_type": "rnn_tanh",
    "time_cond_type": "full_time",
    "readout_only": false,
    "scramble_core": true,
    "n_seeds": 20,
    "master_seed": 1234,
    "device": "cuda",
    "output_dir": "D:\\tiny_world_model"
  },
  "hyperparameters": {
    "hidden_dim": 16,
    "learning_rate": 0.001,
    "batch_size": 64,
    "max_steps": 20000,
    "n_train_seqs": 20000,
    "n_eval_seqs": 2000,
    "sequence_length": 256
  },
  "per_seed_results": [
    {
      "seed": 1234,
      "seed_index": 0,
      "avg_nll_model": 103.8037975490196,
      "avg_nll_baseline": -0.8589897432215073,
      "delta_nll": -104.66278729224112,
      "n_eval_samples": 510000,
      "probe_r2_trained": 0.9911955590973888,
      "probe_mse_trained": 0.003734803758561611,
      "probe_r2_random": 3.058498218388994e-05,
      "probe_mse_random": 0.4241824746131897,
      "probe_r2_permuted": -0.00016170599274234476,
      "probe_mse_permuted": 0.4242640435695648
    },
    {
      "seed": 1235,
      "seed_index": 1,
      "avg_nll_model": 111.10864264705883,
      "avg_nll_baseline": -0.8589897432215073,
      "delta_nll": -111.96763239028034,
      "n_eval_samples": 510000,
      "probe_r2_trained": 0.995257620866949,
      "probe_mse_trained": 0.002011695643886924,
      "probe_r2_random": -0.005145042179260928,
      "probe_mse_random": 0.42637795209884644,
      "probe_r2_permuted": -1.409790420736634e-05,
      "probe_mse_permuted": 0.42420142889022827
    },
    {
      "seed": 1236,
      "seed_index": 2,
      "avg_nll_model": 123.55615575980393,
      "avg_nll_baseline": -0.8589897432215073,
      "delta_nll": -124.41514550302544,
      "n_eval_samples": 510000,
      "probe_r2_trained": 0.9824272375199283,
      "probe_mse_trained": 0.007454285863786936,
      "probe_r2_random": -0.003901368508034686,
      "probe_mse_random": 0.42585039138793945,
      "probe_r2_permuted": -0.00016922339658509422,
      "probe_mse_permuted": 0.4242672324180603
    },
    {
      "seed": 1237,
      "seed_index": 3,
      "avg_nll_model": 98.32763278186275,
      "avg_nll_baseline": -0.8589897432215073,
      "delta_nll": -99.18662252508426,
      "n_eval_samples": 510000,
      "probe_r2_trained": 0.984224846593549,
      "probe_mse_trained": 0.006691748276352882,
      "probe_r2_random": -4.262048712400102e-06,
      "probe_mse_random": 0.424197256565094,
      "probe_r2_permuted": -0.00021046373355315673,
      "probe_mse_permuted": 0.4242847263813019
    },
    {
      "seed": 1238,
      "seed_index": 4,
      "avg_nll_model": 128.01608529411766,
      "avg_nll_baseline": -0.8589897432215073,
      "delta_nll": -128.87507503733917,
      "n_eval_samples": 510000,
      "probe_r2_trained": 0.9926549761114872,
      "probe_mse_trained": 0.003115725703537464,
      "probe_r2_random": 1.1053783415371221e-05,
      "probe_mse_random": 0.4241907596588135,
      "probe_r2_permuted": -0.00017814592264109308,
      "probe_mse_permuted": 0.42427101731300354
    },
    {
      "seed": 1239,
      "seed_index": 5,
      "avg_nll_model": 140.79597328431373,
      "avg_nll_baseline": -0.8589897432215073,
      "delta_nll": -141.65496302753525,
      "n_eval_samples": 510000,
      "probe_r2_trained": 0.9918818789673356,
      "probe_mse_trained": 0.003443669993430376,
      "probe_r2_random": 2.334860278407902e-05,
      "probe_mse_random": 0.42418554425239563,
      "probe_r2_permuted": 4.660477343598757e-06,
      "probe_mse_permuted": 0.42419347167015076
    },
    {
      "seed": 1240,
      "seed_index": 6,
      "avg_nll_model": 178.1243405637255,
      "avg_nll_baseline": -0.8589897432215073,
      "delta_nll": -178.983330306947,
      "n_eval_samples": 510000,
      "probe_r2_trained": 0.9704007031851294,
      "probe_mse_trained": 0.01255588699132204,
      "probe_r2_random": 7.40046566005681e-06,
      "probe_mse_random": 0.42419230937957764,
      "probe_r2_permuted": -0.00014119120842437383,
      "probe_mse_permuted": 0.4242553412914276
    },
    {
      "seed": 1241,
      "seed_index": 7,
      "avg_nll_model": 47.083277205882354,
      "avg_nll_baseline": -0.8589897432215073,
      "delta_nll": -47.94226694910386,
      "n_eval_samples": 510000,
      "probe_r2_trained": 0.9889304812318394,
      "probe_mse_trained": 0.004695639479905367,
      "probe_r2_random": 8.17328287749941e-06,
      "probe_mse_random": 0.42419198155403137,
      "probe_r2_permuted": -0.00032800220671780345,
      "probe_mse_permuted": 0.4243345856666565
    },
    {
      "seed": 1242,
      "seed_index": 8,
      "avg_nll_model": 103.0857868872549,
      "avg_nll_baseline": -0.8589897432215073,
      "delta_nll": -103.94477663047641,
      "n_eval_samples": 510000,
      "probe_r2_trained": 0.9571177206422298,
      "probe_mse_trained": 0.018190467730164528,
      "probe_r2_random": 6.353509809198243e-05,
      "probe_mse_random": 0.42416849732398987,
      "probe_r2_permuted": -0.0002586594254785357,
      "probe_mse_permuted": 0.42430517077445984
    },
    {
      "seed": 1243,
      "seed_index": 9,
      "avg_nll_model": 95.65280428921568,
      "avg_nll_baseline": -0.8589897432215073,
      "delta_nll": -96.5117940324372,
      "n_eval_samples": 510000,
      "probe_r2_trained": 0.9173317071201743,
      "probe_mse_trained": 0.03506751358509064,
      "probe_r2_random": 1.3793771731829274e-05,
      "probe_mse_random": 0.42418959736824036,
      "probe_r2_permuted": -6.116949836187935e-05,
      "probe_mse_permuted": 0.424221396446228
    },
    {
      "seed": 1244,
      "seed_index": 10,
      "avg_nll_model": 80.14280208333334,
      "avg_nll_baseline": -0.8589897432215073,
      "delta_nll": -81.00179182655485,
      "n_eval_samples": 510000,
      "probe_r2_trained": 0.9814128721096937,
      "probe_mse_trained": 0.007884575054049492,
      "probe_r2_random": -1.999941750452372e-05,
      "probe_mse_random": 0.42420393228530884,
      "probe_r2_permuted": -9.678934647583404e-05,
      "probe_mse_permuted": 0.4242365062236786
    },
    {
      "seed": 1245,
      "seed_index": 11,
      "avg_nll_model": 72.67917113970589,
      "avg_nll_baseline": -0.8589897432215073,
      "delta_nll": -73.5381608829274,
      "n_eval_samples": 510000,
      "probe_r2_trained": 0.9866747133987065,
      "probe_mse_trained": 0.005652525927871466,
      "probe_r2_random": 1.063224675124097e-05,
      "probe_mse_random": 0.4241909384727478,
      "probe_r2_permuted": -0.0005525407364455059,
      "probe_mse_permuted": 0.42442983388900757
    },
    {
      "seed": 1246,
      "seed_index": 12,
      "avg_nll_model": 83.18808553921569,
      "avg_nll_baseline": -0.8589897432215073,
      "delta_nll": -84.0470752824372,
      "n_eval_samples": 510000,
      "probe_r2_trained": 0.9895201243024859,
      "probe_mse_trained": 0.00444551557302475,
      "probe_r2_random": 9.297380648365383e-06,
      "probe_mse_random": 0.42419150471687317,
      "probe_r2_permuted": -0.00014891938059902188,
      "probe_mse_permuted": 0.42425861954689026
    },
    {
      "seed": 1247,
      "seed_index": 13,
      "avg_nll_model": 94.53334920343137,
      "avg_nll_baseline": -0.8589897432215073,
      "delta_nll": -95.39233894665288,
      "n_eval_samples": 510000,
      "probe_r2_trained": 0.9931141766373907,
      "probe_mse_trained": 0.0029209349304437637,
      "probe_r2_random": 2.3137834451958383e-05,
      "probe_mse_random": 0.4241856336593628,
      "probe_r2_permuted": -7.269150051314455e-05,
      "probe_mse_permuted": 0.4242262840270996
    },
    {
      "seed": 1248,
      "seed_index": 14,
      "avg_nll_model": 210.71338125,