{
  "metadata": {
    "timestamp": "2025-11-28T11:34:35.769697",
    "world_id": "E2_regime_struct",
    "world_type": "regime_markov",
    "model_id": "rnn_tanh",
    "model_type": "rnn_tanh",
    "time_cond_type": "constant_time",
    "readout_only": false,
    "scramble_core": false,
    "n_seeds": 20,
    "master_seed": 1234,
    "device": "cuda",
    "output_dir": "D:\\tiny_world_model"
  },
  "hyperparameters": {
    "hidden_dim": 16,
    "learning_rate": 0.001,
    "batch_size": 64,
    "max_steps": 20000,
    "n_train_seqs": 20000,
    "n_eval_seqs": 2000,
    "sequence_length": 128
  },
  "per_seed_results": [
    {
      "seed": 1234,
      "seed_index": 0,
      "avg_nll_model": 33.47051439468504,
      "avg_nll_baseline": 47.48059940944882,
      "delta_nll": 14.010085014763781,
      "n_eval_samples": 254000,
      "probe_r2_trained": -0.0011131319223429692,
      "probe_mse_trained": 0.2502792775630951,
      "probe_r2_random": -6.421355188934719e-05,
      "probe_mse_random": 0.25001704692840576,
      "probe_r2_permuted": -0.002398202956948259,
      "probe_mse_permuted": 0.25060054659843445
    },
    {
      "seed": 1235,
      "seed_index": 1,
      "avg_nll_model": 32.436835506889764,
      "avg_nll_baseline": 47.48059940944882,
      "delta_nll": 15.043763902559057,
      "n_eval_samples": 254000,
      "probe_r2_trained": 0.6835502742557356,
      "probe_mse_trained": 0.07911274582147598,
      "probe_r2_random": -4.847561607901341e-06,
      "probe_mse_random": 0.2500022053718567,
      "probe_r2_permuted": -0.009235901423916726,
      "probe_mse_permuted": 0.25230997800827026
    },
    {
      "seed": 1236,
      "seed_index": 2,
      "avg_nll_model": 32.088831323818894,
      "avg_nll_baseline": 47.48059940944882,
      "delta_nll": 15.391768085629927,
      "n_eval_samples": 254000,
      "probe_r2_trained": 0.7100232740082741,
      "probe_mse_trained": 0.07249446958303452,
      "probe_r2_random": 1.5920865681362528e-07,
      "probe_mse_random": 0.2500009536743164,
      "probe_r2_permuted": -0.0029460866744848158,
      "probe_mse_permuted": 0.2507375180721283
    },
    {
      "seed": 1237,
      "seed_index": 3,
      "avg_nll_model": 33.62255388779528,
      "avg_nll_baseline": 47.48059940944882,
      "delta_nll": 13.858045521653544,
      "n_eval_samples": 254000,
      "probe_r2_trained": 0.03013424050843838,
      "probe_mse_trained": 0.24246740341186523,
      "probe_r2_random": -2.8210117388738354e-06,
      "probe_mse_random": 0.2500016987323761,
      "probe_r2_permuted": -0.017369995762993806,
      "probe_mse_permuted": 0.25434350967407227
    },
    {
      "seed": 1238,
      "seed_index": 4,
      "avg_nll_model": 32.12386707984744,
      "avg_nll_baseline": 47.48059940944882,
      "delta_nll": 15.356732329601378,
      "n_eval_samples": 254000,
      "probe_r2_trained": 0.6970817563467666,
      "probe_mse_trained": 0.0757298618555069,
      "probe_r2_random": 4.8617592290134404e-05,
      "probe_mse_random": 0.2499888390302658,
      "probe_r2_permuted": -0.0039941705832278185,
      "probe_mse_permuted": 0.2509995400905609
    },
    {
      "seed": 1239,
      "seed_index": 5,
      "avg_nll_model": 32.30816736897145,
      "avg_nll_baseline": 47.48059940944882,
      "delta_nll": 15.172432040477368,
      "n_eval_samples": 254000,
      "probe_r2_trained": 0.6302873879159887,
      "probe_mse_trained": 0.09242852032184601,
      "probe_r2_random": 9.045988664513338e-05,
      "probe_mse_random": 0.24997837841510773,
      "probe_r2_permuted": -0.0024276475344571224,
      "probe_mse_permuted": 0.2506079077720642
    },
    {
      "seed": 1240,
      "seed_index": 6,
      "avg_nll_model": 32.29897480930118,
      "avg_nll_baseline": 47.48059940944882,
      "delta_nll": 15.181624600147643,
      "n_eval_samples": 254000,
      "probe_r2_trained": 0.6505627809381369,
      "probe_mse_trained": 0.08735965192317963,
      "probe_r2_random": 3.467016083846808e-05,
      "probe_mse_random": 0.24999232590198517,
      "probe_r2_permuted": -0.003371781355799852,
      "probe_mse_permuted": 0.25084394216537476
    },
    {
      "seed": 1241,
      "seed_index": 7,
      "avg_nll_model": 33.63306514517716,
      "avg_nll_baseline": 47.48059940944882,
      "delta_nll": 13.847534264271658,
      "n_eval_samples": 254000,
      "probe_r2_trained": 0.04230683150566372,
      "probe_mse_trained": 0.23942424356937408,
      "probe_r2_random": 3.9259700247762375e-05,
      "probe_mse_random": 0.24999117851257324,
      "probe_r2_permuted": -0.001843405128093556,
      "probe_mse_permuted": 0.2504618465900421
    },
    {
      "seed": 1242,
      "seed_index": 8,
      "avg_nll_model": 33.35925163016732,
      "avg_nll_baseline": 47.48059940944882,
      "delta_nll": 14.1213477792815,
      "n_eval_samples": 254000,
      "probe_r2_trained": 0.24587418308193598,
      "probe_mse_trained": 0.18853220343589783,
      "probe_r2_random": 2.7696445112690427e-05,
      "probe_mse_random": 0.24999406933784485,
      "probe_r2_permuted": -0.00563257654794147,
      "probe_mse_permuted": 0.2514091432094574
    },
    {
      "seed": 1243,
      "seed_index": 9,
      "avg_nll_model": 32.39052595964567,
      "avg_nll_baseline": 47.48059940944882,
      "delta_nll": 15.09007344980315,
      "n_eval_samples": 254000,
      "probe_r2_trained": 0.6275417108654744,
      "probe_mse_trained": 0.0931149423122406,
      "probe_r2_random": 2.6981192217667704e-05,
      "probe_mse_random": 0.24999424815177917,
      "probe_r2_permuted": -0.007476736928771155,
      "probe_mse_permuted": 0.25187018513679504
    },
    {
      "seed": 1244,
      "seed_index": 10,
      "avg_nll_model": 33.62694398991142,
      "avg_nll_baseline": 47.48059940944882,
      "delta_nll": 13.853655419537404,
      "n_eval_samples": 254000,
      "probe_r2_trained": -0.01563491144864515,
      "probe_mse_trained": 0.25390973687171936,
      "probe_r2_random": 4.4862514591681446e-05,
      "probe_mse_random": 0.24998977780342102,
      "probe_r2_permuted": -0.002213667710049494,
      "probe_mse_permuted": 0.2505544126033783
    },
    {
      "seed": 1245,
      "seed_index": 11,
      "avg_nll_model": 32.653091781496066,
      "avg_nll_baseline": 47.48059940944882,
      "delta_nll": 14.827507627952755,
      "n_eval_samples": 254000,
      "probe_r2_trained": 0.2551571523835371,
      "probe_mse_trained": 0.1862114518880844,
      "probe_r2_random": 7.049240999423834e-05,
      "probe_mse_random": 0.24998337030410767,
      "probe_r2_permuted": -0.0010623489668011299,
      "probe_mse_permuted": 0.25026658177375793
    },
    {
      "seed": 1246,
      "seed_index": 12,
      "avg_nll_model": 32.25059088951772,
      "avg_nll_baseline": 47.48059940944882,
      "delta_nll": 15.230008519931104,
      "n_eval_samples": 254000,
      "probe_r2_trained": 0.6988248574539795,
      "probe_mse_trained": 0.07529408484697342,
      "probe_r2_random": -3.989495346079508e-05,
      "probe_mse_random": 0.25001096725463867,
      "probe_r2_permuted": -0.003578847068889779,
      "probe_mse_permuted": 0.2508957087993622
    },
    {
      "seed": 1247,
      "seed_index": 13,
      "avg_nll_model": 33.692248954232284,
      "avg_nll_baseline": 47.48059940944882,
      "delta_nll": 13.788350455216538,
      "n_eval_samples": 254000,
      "probe_r2_trained": 0.36988180939350956,
      "probe_mse_trained": 0.15753017365932465,
      "probe_r2_random": 6.4353155979191e-05,
      "probe_mse_random": 0.24998490512371063,
      "probe_r2_permuted": -0.006193215608771618,
      "probe_mse_permuted": 0.25154930353164673
    },
    {
      "seed": 1248,
      "seed_index": 14,
      "avg_nll_model": 31.961845795398624,