{
  "metadata": {
    "timestamp": "2025-11-27T08:14:16.516027",
    "world_id": "E3_osc_struct",
    "world_type": "oscillator",
    "model_id": "rnn_tanh",
    "model_type": "rnn_tanh",
    "time_cond_type": "full_time",
    "readout_only": true,
    "n_seeds": 5,
    "master_seed": 1234,
    "device": "cuda",
    "output_dir": "D:\\tiny_world_model"
  },
  "hyperparameters": {
    "hidden_dim": 16,
    "learning_rate": 0.001,
    "batch_size": 64,
    "max_steps": 20000,
    "n_train_seqs": 20000,
    "n_eval_seqs": 2000,
    "sequence_length": 256
  },
  "per_seed_results": [
    {
      "seed": 1234,
      "seed_index": 0,
      "avg_nll_model": -0.5820125258501838,
      "avg_nll_baseline": -0.8642341538373162,
      "delta_nll": -0.28222162798713235,
      "n_eval_samples": 510000,
      "probe_r2_trained": 0.9811401004425683,
      "probe_mse_trained": 0.007982853800058365,
      "probe_r2_random": -2.7647311050538192e-05,
      "probe_mse_random": 0.4232829809188843,
      "probe_r2_permuted": -0.00010347835093882374,
      "probe_mse_permuted": 0.4233150780200958
    },
    {
      "seed": 1235,
      "seed_index": 1,
      "avg_nll_model": -0.47839037894454656,
      "avg_nll_baseline": -0.8642341538373162,
      "delta_nll": -0.3858437748927696,
      "n_eval_samples": 510000,
      "probe_r2_trained": 0.9780906910638112,
      "probe_mse_trained": 0.009273581206798553,
      "probe_r2_random": 9.740137585256825e-06,
      "probe_mse_random": 0.4232671558856964,
      "probe_r2_permuted": -0.0004208140025419027,
      "probe_mse_permuted": 0.42344939708709717
    },
    {
      "seed": 1236,
      "seed_index": 2,
      "avg_nll_model": -0.9332434819240196,
      "avg_nll_baseline": -0.8642341538373162,
      "delta_nll": 0.06900932808670346,
      "n_eval_samples": 510000,
      "probe_r2_trained": 0.9903168235266712,
      "probe_mse_trained": 0.004098610486835241,
      "probe_r2_random": -0.0039137592744245,
      "probe_mse_random": 0.42492786049842834,
      "probe_r2_permuted": -0.00020162920479593893,
      "probe_mse_permuted": 0.4233566224575043
    },
    {
      "seed": 1237,
      "seed_index": 3,
      "avg_nll_model": -0.7449808622472427,
      "avg_nll_baseline": -0.8642341538373162,
      "delta_nll": -0.11925329159007347,
      "n_eval_samples": 510000,
      "probe_r2_trained": 0.9748902488902536,
      "probe_mse_trained": 0.010628236457705498,
      "probe_r2_random": 1.2415698881218518e-05,
      "probe_mse_random": 0.4232660233974457,
      "probe_r2_permuted": -0.00013537385796702495,
      "probe_mse_permuted": 0.42332857847213745
    },
    {
      "seed": 1238,
      "seed_index": 4,
      "avg_nll_model": -1.1946636374080883,
      "avg_nll_baseline": -0.8642341538373162,
      "delta_nll": 0.3304294835707722,
      "n_eval_samples": 510000,
      "probe_r2_trained": 0.977299327801616,
      "probe_mse_trained": 0.009608542546629906,
      "probe_r2_random": 3.128544696850977e-05,
      "probe_mse_random": 0.4232580363750458,
      "probe_r2_permuted": -0.00017064902136909588,
      "probe_mse_permuted": 0.4233435094356537
    }
  ],
  "aggregated_metrics": {
    "delta_nll": {
      "mean": -0.07757597656249997,
      "std": 0.25557839648920816,
      "min": -0.3858437748927696,
      "max": 0.3304294835707722,
      "values": [
        -0.28222162798713235,
        -0.3858437748927696,
        0.06900932808670346,
        -0.11925329159007347,
        0.3304294835707722
      ]
    },
    "probe_r2_trained": {
      "mean": 0.9803474383449841,
      "std": 0.005369948920097538,
      "values": [
        0.9811401004425683,
        0.9780906910638112,
        0.9903168235266712,
        0.9748902488902536,
        0.977299327801616
      ]
    },
    "probe_r2_random": {
      "mean": -0.0007775930604080106,
      "std": 0.0015681995404303332,
      "values": [
        -2.7647311050538192e-05,
        9.740137585256825e-06,
        -0.0039137592744245,
        1.2415698881218518e-05,
        3.128544696850977e-05
      ]
    },
    "probe_r2_permuted": {
      "mean": -0.00020638888752255724,
      "std": 0.00011217115094899401,
      "values": [
        -0.00010347835093882374,
        -0.0004208140025419027,
        -0.00020162920479593893,
        -0.00013537385796702495,
        -0.00017064902136909588
      ]
    },
    "probe_emergence_margin": {
      "description": "trained R\u00b2 minus max(random, permuted) R\u00b2",
      "mean": 0.9803826053914664,
      "values": [
        0.9811677477536188,
        0.9780809509262259,
        0.9905184527314671,
        0.9748778331913723,
        0.9772680423546475
      ]
    }
  },
  "statistical_tests": {
    "permutation_test": {
      "metric": "delta_nll",
      "observed_mean": -0.07757597656249997,
      "p_value": 0.7596201899050474,
      "n_permutations": 2000,
      "direction": "higher",
      "sided": "one",
      "null_distribution_mean": 0.003460362522786459,
      "null_distribution_std": 0.11863632253885076
    }
  }
}