{
  "metadata": {
    "timestamp": "2025-11-27T17:58:21.180196",
    "world_id": "E3_osc_null",
    "world_type": "oscillator_null",
    "model_id": "rnn_tanh",
    "model_type": "rnn_tanh",
    "time_cond_type": "full_time",
    "readout_only": false,
    "scramble_core": false,
    "n_seeds": 20,
    "master_seed": 1234,
    "device": "cuda",
    "output_dir": "D:\\tiny_world_model"
  },
  "hyperparameters": {
    "hidden_dim": 16,
    "learning_rate": 0.001,
    "batch_size": 64,
    "max_steps": 20000,
    "n_train_seqs": 20000,
    "n_eval_seqs": 2000,
    "sequence_length": 256
  },
  "per_seed_results": [
    {
      "seed": 1234,
      "seed_index": 0,
      "avg_nll_model": 83.0983530637255,
      "avg_nll_baseline": 83.08834852941176,
      "delta_nll": -0.010004534313736713,
      "n_eval_samples": 510000,
      "probe_r2_trained": NaN,
      "probe_mse_trained": 4.088897549081594e-05,
      "probe_r2_random": NaN,
      "probe_mse_random": 8.758242415751738e-07,
      "probe_r2_permuted": NaN,
      "probe_mse_permuted": 0.00033139833249151707
    },
    {
      "seed": 1235,
      "seed_index": 1,
      "avg_nll_model": 83.06994987745098,
      "avg_nll_baseline": 83.08834852941176,
      "delta_nll": 0.018398651960779944,
      "n_eval_samples": 510000,
      "probe_r2_trained": NaN,
      "probe_mse_trained": 9.799395047593862e-05,
      "probe_r2_random": NaN,
      "probe_mse_random": 1.8665265599793202e-07,
      "probe_r2_permuted": NaN,
      "probe_mse_permuted": 0.00012242674711160362
    },
    {
      "seed": 1236,
      "seed_index": 2,
      "avg_nll_model": 83.08760049019608,
      "avg_nll_baseline": 83.08834852941176,
      "delta_nll": 0.0007480392156793414,
      "n_eval_samples": 510000,
      "probe_r2_trained": NaN,
      "probe_mse_trained": 0.00035561912227422,
      "probe_r2_random": NaN,
      "probe_mse_random": 0.001672233920544386,
      "probe_r2_permuted": NaN,
      "probe_mse_permuted": 7.440038461936638e-05
    },
    {
      "seed": 1237,
      "seed_index": 3,
      "avg_nll_model": 83.07545943627451,
      "avg_nll_baseline": 83.08834852941176,
      "delta_nll": 0.012889093137246732,
      "n_eval_samples": 510000,
      "probe_r2_trained": NaN,
      "probe_mse_trained": 0.00014046799333300442,
      "probe_r2_random": NaN,
      "probe_mse_random": 2.1146341566691262e-07,
      "probe_r2_permuted": NaN,
      "probe_mse_permuted": 0.00015061242447700351
    },
    {
      "seed": 1238,
      "seed_index": 4,
      "avg_nll_model": 83.08291924019608,
      "avg_nll_baseline": 83.08834852941176,
      "delta_nll": 0.0054292892156837524,
      "n_eval_samples": 510000,
      "probe_r2_trained": NaN,
      "probe_mse_trained": 0.00015536427963525057,
      "probe_r2_random": NaN,
      "probe_mse_random": 8.721445396986383e-07,
      "probe_r2_permuted": NaN,
      "probe_mse_permuted": 4.625191286322661e-05
    },
    {
      "seed": 1239,
      "seed_index": 5,
      "avg_nll_model": 83.07043406862745,
      "avg_nll_baseline": 83.08834852941176,
      "delta_nll": 0.01791446078431136,
      "n_eval_samples": 510000,
      "probe_r2_trained": NaN,
      "probe_mse_trained": 0.0003113879938609898,
      "probe_r2_random": NaN,
      "probe_mse_random": 1.014248709907406e-06,
      "probe_r2_permuted": NaN,
      "probe_mse_permuted": 0.00015517482825089246
    },
    {
      "seed": 1240,
      "seed_index": 6,
      "avg_nll_model": 83.01334393382353,
      "avg_nll_baseline": 83.08834852941176,
      "delta_nll": 0.0750045955882257,
      "n_eval_samples": 510000,
      "probe_r2_trained": NaN,
      "probe_mse_trained": 0.00019625671848189086,
      "probe_r2_random": NaN,
      "probe_mse_random": 6.487731525339768e-07,
      "probe_r2_permuted": NaN,
      "probe_mse_permuted": 0.0008114813244901597
    },
    {
      "seed": 1241,
      "seed_index": 7,
      "avg_nll_model": 83.06493553921568,
      "avg_nll_baseline": 83.08834852941176,
      "delta_nll": 0.023412990196078454,
      "n_eval_samples": 510000,
      "probe_r2_trained": NaN,
      "probe_mse_trained": 0.00014107939205132425,
      "probe_r2_random": NaN,
      "probe_mse_random": 6.093345632507408e-07,
      "probe_r2_permuted": NaN,
      "probe_mse_permuted": 0.00028525697416625917
    },
    {
      "seed": 1242,
      "seed_index": 8,
      "avg_nll_model": 83.07823651960784,
      "avg_nll_baseline": 83.08834852941176,
      "delta_nll": 0.010112009803918909,
      "n_eval_samples": 510000,
      "probe_r2_trained": NaN,
      "probe_mse_trained": 8.232443360611796e-05,
      "probe_r2_random": NaN,
      "probe_mse_random": 1.4167714823543065e-07,
      "probe_r2_permuted": NaN,
      "probe_mse_permuted": 2.7215535737923346e-05
    },
    {
      "seed": 1243,
      "seed_index": 9,
      "avg_nll_model": 83.08582542892157,
      "avg_nll_baseline": 83.08834852941176,
      "delta_nll": 0.002523100490193997,
      "n_eval_samples": 510000,
      "probe_r2_trained": NaN,
      "probe_mse_trained": 0.00012421391147654504,
      "probe_r2_random": NaN,
      "probe_mse_random": 4.437123664047249e-07,
      "probe_r2_permuted": NaN,
      "probe_mse_permuted": 0.00010038835898740217
    },
    {
      "seed": 1244,
      "seed_index": 10,
      "avg_nll_model": 83.08321323529412,
      "avg_nll_baseline": 83.08834852941176,
      "delta_nll": 0.0051352941176361355,
      "n_eval_samples": 510000,
      "probe_r2_trained": NaN,
      "probe_mse_trained": 6.458836287492886e-05,
      "probe_r2_random": NaN,
      "probe_mse_random": 1.0427190773043549e-06,
      "probe_r2_permuted": NaN,
      "probe_mse_permuted": 0.00010562156967353076
    },
    {
      "seed": 1245,
      "seed_index": 11,
      "avg_nll_model": 83.12830637254902,
      "avg_nll_baseline": 83.08834852941176,
      "delta_nll": -0.03995784313725892,
      "n_eval_samples": 510000,
      "probe_r2_trained": NaN,
      "probe_mse_trained": 9.286268323194236e-05,
      "probe_r2_random": NaN,
      "probe_mse_random": 8.65552976847539e-07,
      "probe_r2_permuted": NaN,
      "probe_mse_permuted": 0.00011213155812583864
    },
    {
      "seed": 1246,
      "seed_index": 12,
      "avg_nll_model": 83.08528462009804,
      "avg_nll_baseline": 83.08834852941176,
      "delta_nll": 0.0030639093137239115,
      "n_eval_samples": 510000,
      "probe_r2_trained": NaN,
      "probe_mse_trained": 7.683973672101274e-05,
      "probe_r2_random": NaN,
      "probe_mse_random": 1.0981382274621865e-06,
      "probe_r2_permuted": NaN,
      "probe_mse_permuted": 0.00033661077031865716
    },
    {
      "seed": 1247,
      "seed_index": 13,
      "avg_nll_model": 83.07900594362745,
      "avg_nll_baseline": 83.08834852941176,
      "delta_nll": 0.009342585784310131,
      "n_eval_samples": 510000,
      "probe_r2_trained": NaN,
      "probe_mse_trained": 0.00033289886778220534,
      "probe_r2_random": NaN,
      "probe_mse_random": 1.0040523648058297e-06,
      "probe_r2_permuted": NaN,
      "probe_mse_permuted": 7.264046871569008e-05
    },
    {
      "seed": 1248,
      "seed_index": 14,
      "avg_nll_model": 83.0816580882353,
      "avg_nll_baseline": 83.08834852941176,
      "delta_nll": 0.006690441176459672,
      "n_eval_samples": 510000,
      "probe_r2_trained": NaN,
      "probe_mse_trained": 0.0015957062132656574,
      "probe_r2_random": NaN,
      "probe_mse_random": 3.648134452305385e-07,
      "probe_r2_permuted": NaN,
      "probe_mse_permuted": 0.000134053043439053
    },
    {
      "seed": 1249,
      "seed_index": 15,
      "avg_nll_model": 83.07995024509803,
      "avg_nll_baseline": 83.08834852941176,
      "delta_nll": 0.0083982843137278,
      "n_eval_samples": 510000,
      "probe_r2_trained": NaN,