{
  "metadata": {
    "timestamp": "2025-11-27T19:32:46.316804",
    "world_id": "E3_osc_nonstat",
    "world_type": "oscillator_nonstat",
    "model_id": "gru",
    "model_type": "gru",
    "time_cond_type": "full_time",
    "readout_only": false,
    "scramble_core": false,
    "n_seeds": 20,
    "master_seed": 1234,
    "device": "cuda",
    "output_dir": "D:\\tiny_world_model"
  },
  "hyperparameters": {
    "hidden_dim": 16,
    "learning_rate": 0.001,
    "batch_size": 64,
    "max_steps": 20000,
    "n_train_seqs": 20000,
    "n_eval_seqs": 2000,
    "sequence_length": 256
  },
  "per_seed_results": [
    {
      "seed": 1234,
      "seed_index": 0,
      "avg_nll_model": -1.53445537109375,
      "avg_nll_baseline": -0.8436879121668198,
      "delta_nll": 0.6907674589269303,
      "n_eval_samples": 510000,
      "probe_r2_trained": 0.9901988080410988,
      "probe_mse_trained": 0.004165781661868095,
      "probe_r2_random": -1.868275851801826e-07,
      "probe_mse_random": 0.42502814531326294,
      "probe_r2_permuted": -0.0003196466272781251,
      "probe_mse_permuted": 0.4251639246940613
    },
    {
      "seed": 1235,
      "seed_index": 1,
      "avg_nll_model": -1.5332173330269607,
      "avg_nll_baseline": -0.8436879121668198,
      "delta_nll": 0.6895294208601409,
      "n_eval_samples": 510000,
      "probe_r2_trained": 0.9988080760721952,
      "probe_mse_trained": 0.0005066011217422783,
      "probe_r2_random": 2.3388330117057876e-07,
      "probe_mse_random": 0.4250279664993286,
      "probe_r2_permuted": -0.0003910272409934912,
      "probe_mse_permuted": 0.42519426345825195
    },
    {
      "seed": 1236,
      "seed_index": 2,
      "avg_nll_model": -1.5344395268458946,
      "avg_nll_baseline": -0.8436879121668198,
      "delta_nll": 0.6907516146790748,
      "n_eval_samples": 510000,
      "probe_r2_trained": 0.9981322073200963,
      "probe_mse_trained": 0.0007938643102534115,
      "probe_r2_random": 1.7272674197932325e-05,
      "probe_mse_random": 0.4250207245349884,
      "probe_r2_permuted": -0.0008277251410129249,
      "probe_mse_permuted": 0.4253798723220825
    },
    {
      "seed": 1237,
      "seed_index": 3,
      "avg_nll_model": -1.5345948701746324,
      "avg_nll_baseline": -0.8436879121668198,
      "delta_nll": 0.6909069580078125,
      "n_eval_samples": 510000,
      "probe_r2_trained": 0.9981344738452164,
      "probe_mse_trained": 0.0007929009734652936,
      "probe_r2_random": -1.7365855443873812e-05,
      "probe_mse_random": 0.4250354468822479,
      "probe_r2_permuted": -0.0001716966322491409,
      "probe_mse_permuted": 0.42510104179382324
    },
    {
      "seed": 1238,
      "seed_index": 4,
      "avg_nll_model": -1.5343041379442401,
      "avg_nll_baseline": -0.8436879121668198,
      "delta_nll": 0.6906162257774203,
      "n_eval_samples": 510000,
      "probe_r2_trained": 0.9955766925779913,
      "probe_mse_trained": 0.0018800297984853387,
      "probe_r2_random": -1.2808154175258935e-05,
      "probe_mse_random": 0.4250335097312927,
      "probe_r2_permuted": -0.00020086592036849815,
      "probe_mse_permuted": 0.4251134395599365
    },
    {
      "seed": 1239,
      "seed_index": 5,
      "avg_nll_model": -1.5338037320006128,
      "avg_nll_baseline": -0.8436879121668198,
      "delta_nll": 0.690115819833793,
      "n_eval_samples": 510000,
      "probe_r2_trained": 0.9974922727830869,
      "probe_mse_trained": 0.001065854448825121,
      "probe_r2_random": -7.500324687237381e-05,
      "probe_mse_random": 0.4250599443912506,
      "probe_r2_permuted": -0.00047867534231404996,
      "probe_mse_permuted": 0.4252315163612366
    },
    {
      "seed": 1240,
      "seed_index": 6,
      "avg_nll_model": -1.532117760033701,
      "avg_nll_baseline": -0.8436879121668198,
      "delta_nll": 0.6884298478668812,
      "n_eval_samples": 510000,
      "probe_r2_trained": 0.9966851033406054,
      "probe_mse_trained": 0.0014089241158217192,
      "probe_r2_random": 2.4775351671002532e-05,
      "probe_mse_random": 0.4250175356864929,
      "probe_r2_permuted": -0.00016706881249950456,
      "probe_mse_permuted": 0.42509907484054565
    },
    {
      "seed": 1241,
      "seed_index": 7,
      "avg_nll_model": -1.5345040690104166,
      "avg_nll_baseline": -0.8436879121668198,
      "delta_nll": 0.6908161568435968,
      "n_eval_samples": 510000,
      "probe_r2_trained": 0.9975722922127888,
      "probe_mse_trained": 0.0010318439453840256,
      "probe_r2_random": -9.26029856174182e-05,
      "probe_mse_random": 0.4250674247741699,
      "probe_r2_permuted": -0.00010024590005253131,
      "probe_mse_permuted": 0.4250706732273102
    },
    {
      "seed": 1242,
      "seed_index": 8,
      "avg_nll_model": -1.5339147451363357,
      "avg_nll_baseline": -0.8436879121668198,
      "delta_nll": 0.6902268329695159,
      "n_eval_samples": 510000,
      "probe_r2_trained": 0.9947397049775402,
      "probe_mse_trained": 0.002235773019492626,
      "probe_r2_random": -8.103343624310533e-05,
      "probe_mse_random": 0.42506250739097595,
      "probe_r2_permuted": -0.0004688587549661616,
      "probe_mse_permuted": 0.4252273440361023
    },
    {
      "seed": 1243,
      "seed_index": 9,
      "avg_nll_model": -1.5339677313112745,
      "avg_nll_baseline": -0.8436879121668198,
      "delta_nll": 0.6902798191444547,
      "n_eval_samples": 510000,
      "probe_r2_trained": 0.9977296442470365,
      "probe_mse_trained": 0.0009649649146012962,
      "probe_r2_random": 1.776350356530454e-05,
      "probe_mse_random": 0.4250205159187317,
      "probe_r2_permuted": -0.0018014604874434514,
      "probe_mse_permuted": 0.42579373717308044
    },
    {
      "seed": 1244,
      "seed_index": 10,
      "avg_nll_model": -1.5335180817248775,
      "avg_nll_baseline": -0.8436879121668198,
      "delta_nll": 0.6898301695580576,
      "n_eval_samples": 510000,
      "probe_r2_trained": 0.9975289811774216,
      "probe_mse_trained": 0.0010502523509785533,
      "probe_r2_random": 1.9726821034904418e-05,
      "probe_mse_random": 0.42501968145370483,
      "probe_r2_permuted": -0.0001953966788461603,
      "probe_mse_permuted": 0.4251111149787903
    },
    {
      "seed": 1245,
      "seed_index": 11,
      "avg_nll_model": -1.534367702588848,
      "avg_nll_baseline": -0.8436879121668198,
      "delta_nll": 0.6906797904220282,
      "n_eval_samples": 510000,
      "probe_r2_trained": 0.990317525203135,
      "probe_mse_trained": 0.004115323536098003,
      "probe_r2_random": 2.1830375466547203e-05,
      "probe_mse_random": 0.4250187873840332,
      "probe_r2_permuted": -0.0010995744920687667,
      "probe_mse_permuted": 0.4254954159259796
    },
    {
      "seed": 1246,
      "seed_index": 12,
      "avg_nll_model": -1.5331338235294119,
      "avg_nll_baseline": -0.8436879121668198,
      "delta_nll": 0.689445911362592,
      "n_eval_samples": 510000,
      "probe_r2_trained": 0.9854812092455916,
      "probe_mse_trained": 0.006170893553644419,
      "probe_r2_random": -0.004004863636160261,
      "probe_mse_random": 0.4267302453517914,
      "probe_r2_permuted": -0.00020058544644441234,
      "probe_mse_permuted": 0.425113320350647
    },
    {
      "seed": 1247,
      "seed_index": 13,
      "avg_nll_model": -1.532460480813419,
      "avg_nll_baseline": -0.8436879121668198,
      "delta_nll": 0.6887725686465992,
      "n_eval_samples": 510000,
      "probe_r2_trained": 0.99729387445824,
      "probe_mse_trained": 0.001150179305113852,
      "probe_r2_random": 1.2504617486031044e-05,
      "probe_mse_random": 0.42502275109291077,
      "probe_r2_permuted": -2.409722962526395e-05,
      "probe_mse_permuted": 0.42503830790519714
    },
    {
      "seed": 1248,
      "seed_index": 14,