{
  "metadata": {
    "timestamp": "2025-11-28T09:53:07.553149",
    "world_id": "E3_osc_struct",
    "world_type": "oscillator",
    "model_id": "rnn_tanh",
    "model_type": "rnn_tanh",
    "time_cond_type": "constant_time",
    "readout_only": false,
    "scramble_core": false,
    "n_seeds": 20,
    "master_seed": 1234,
    "device": "cuda",
    "output_dir": "D:\\tiny_world_model"
  },
  "hyperparameters": {
    "hidden_dim": 16,
    "learning_rate": 0.001,
    "batch_size": 64,
    "max_steps": 20000,
    "n_train_seqs": 20000,
    "n_eval_seqs": 2000,
    "sequence_length": 256
  },
  "per_seed_results": [
    {
      "seed": 1234,
      "seed_index": 0,
      "avg_nll_model": -1.5005807119332109,
      "avg_nll_baseline": -0.8612954896216299,
      "delta_nll": 0.6392852223115809,
      "n_eval_samples": 510000,
      "probe_r2_trained": 0.9989326985406843,
      "probe_mse_trained": 0.00045157267595641315,
      "probe_r2_random": 4.6231233449711695e-05,
      "probe_mse_random": 0.4230780303478241,
      "probe_r2_permuted": -7.93604550610727e-05,
      "probe_mse_permuted": 0.42313116788864136
    },
    {
      "seed": 1235,
      "seed_index": 1,
      "avg_nll_model": -1.5123249904258578,
      "avg_nll_baseline": -0.8612954896216299,
      "delta_nll": 0.6510295008042278,
      "n_eval_samples": 510000,
      "probe_r2_trained": 0.9767380512364382,
      "probe_mse_trained": 0.00984207447618246,
      "probe_r2_random": 2.1507350854488294e-05,
      "probe_mse_random": 0.4230884909629822,
      "probe_r2_permuted": -0.0002646134784953791,
      "probe_mse_permuted": 0.423209547996521
    },
    {
      "seed": 1236,
      "seed_index": 2,
      "avg_nll_model": -1.4977224130667892,
      "avg_nll_baseline": -0.8612954896216299,
      "delta_nll": 0.6364269234451593,
      "n_eval_samples": 510000,
      "probe_r2_trained": 0.998968615802329,
      "probe_mse_trained": 0.00043637616909109056,
      "probe_r2_random": -0.003955515826379541,
      "probe_mse_random": 0.42477115988731384,
      "probe_r2_permuted": -0.00021136203905958162,
      "probe_mse_permuted": 0.4231870174407959
    },
    {
      "seed": 1237,
      "seed_index": 3,
      "avg_nll_model": -1.5067742838541667,
      "avg_nll_baseline": -0.8612954896216299,
      "delta_nll": 0.6454787942325367,
      "n_eval_samples": 510000,
      "probe_r2_trained": 0.9981239310918877,
      "probe_mse_trained": 0.0007937602349556983,
      "probe_r2_random": 2.1084720382757993e-05,
      "probe_mse_random": 0.4230886697769165,
      "probe_r2_permuted": -0.00045627639741741,
      "probe_mse_permuted": 0.4232906401157379
    },
    {
      "seed": 1238,
      "seed_index": 4,
      "avg_nll_model": -1.5155878274356618,
      "avg_nll_baseline": -0.8612954896216299,
      "delta_nll": 0.6542923378140318,
      "n_eval_samples": 510000,
      "probe_r2_trained": 0.9853429639257473,
      "probe_mse_trained": 0.006201356649398804,
      "probe_r2_random": -0.00010394346083253403,
      "probe_mse_random": 0.42314156889915466,
      "probe_r2_permuted": -0.001803270149179692,
      "probe_mse_permuted": 0.4238605499267578
    },
    {
      "seed": 1239,
      "seed_index": 5,
      "avg_nll_model": -1.5083093156403187,
      "avg_nll_baseline": -0.8612954896216299,
      "delta_nll": 0.6470138260186887,
      "n_eval_samples": 510000,
      "probe_r2_trained": 0.9985859210899046,
      "probe_mse_trained": 0.0005982933798804879,
      "probe_r2_random": 2.91851377572927e-05,
      "probe_mse_random": 0.4230852425098419,
      "probe_r2_permuted": -0.0001502214974851146,
      "probe_mse_permuted": 0.4231611490249634
    },
    {
      "seed": 1240,
      "seed_index": 6,
      "avg_nll_model": -1.5135934962852329,
      "avg_nll_baseline": -0.8612954896216299,
      "delta_nll": 0.6522980066636029,
      "n_eval_samples": 510000,
      "probe_r2_trained": 0.9930468185439619,
      "probe_mse_trained": 0.002941874321550131,
      "probe_r2_random": -4.759273127064034e-05,
      "probe_mse_random": 0.4231177270412445,
      "probe_r2_permuted": -0.0004802958958931569,
      "probe_mse_permuted": 0.4233008027076721
    },
    {
      "seed": 1241,
      "seed_index": 7,
      "avg_nll_model": -1.5166365962009805,
      "avg_nll_baseline": -0.8612954896216299,
      "delta_nll": 0.6553411065793505,
      "n_eval_samples": 510000,
      "probe_r2_trained": 0.9917567252715548,
      "probe_mse_trained": 0.003487709676846862,
      "probe_r2_random": 7.067476404221118e-06,
      "probe_mse_random": 0.42309460043907166,
      "probe_r2_permuted": -0.0002441159006174587,
      "probe_mse_permuted": 0.4232008755207062
    },
    {
      "seed": 1242,
      "seed_index": 8,
      "avg_nll_model": -1.511534419041054,
      "avg_nll_baseline": -0.8612954896216299,
      "delta_nll": 0.6502389294194241,
      "n_eval_samples": 510000,
      "probe_r2_trained": 0.9927747986042047,
      "probe_mse_trained": 0.0030569653026759624,
      "probe_r2_random": -2.6672522920767605e-05,
      "probe_mse_random": 0.42310887575149536,
      "probe_r2_permuted": -0.0006160307157250244,
      "probe_mse_permuted": 0.4233582317829132
    },
    {
      "seed": 1243,
      "seed_index": 9,
      "avg_nll_model": -1.5090525227864584,
      "avg_nll_baseline": -0.8612954896216299,
      "delta_nll": 0.6477570331648285,
      "n_eval_samples": 510000,
      "probe_r2_trained": 0.9867410508399791,
      "probe_mse_trained": 0.005609829444438219,
      "probe_r2_random": 3.024171393650743e-05,
      "probe_mse_random": 0.4230847954750061,
      "probe_r2_permuted": -0.00013824696745312615,
      "probe_mse_permuted": 0.42315608263015747
    },
    {
      "seed": 1244,
      "seed_index": 10,
      "avg_nll_model": -1.510732999195772,
      "avg_nll_baseline": -0.8612954896216299,
      "delta_nll": 0.6494375095741421,
      "n_eval_samples": 510000,
      "probe_r2_trained": 0.9785911713924815,
      "probe_mse_trained": 0.009058023802936077,
      "probe_r2_random": -8.048746965227949e-05,
      "probe_mse_random": 0.42313164472579956,
      "probe_r2_permuted": -8.161448424348627e-05,
      "probe_mse_permuted": 0.42313212156295776
    },
    {
      "seed": 1245,
      "seed_index": 11,
      "avg_nll_model": -1.5130591567095588,
      "avg_nll_baseline": -0.8612954896216299,
      "delta_nll": 0.6517636670879289,
      "n_eval_samples": 510000,
      "probe_r2_trained": 0.9982844629842272,
      "probe_mse_trained": 0.0007258395780809224,
      "probe_r2_random": -1.8077635017821336e-06,
      "probe_mse_random": 0.4230983555316925,
      "probe_r2_permuted": -0.00013782433698139585,
      "probe_mse_permuted": 0.42315590381622314
    },
    {
      "seed": 1246,
      "seed_index": 12,
      "avg_nll_model": -1.5138302562040442,
      "avg_nll_baseline": -0.8612954896216299,
      "delta_nll": 0.6525347665824143,
      "n_eval_samples": 510000,
      "probe_r2_trained": 0.9941413021451774,
      "probe_mse_trained": 0.0024788009468466043,
      "probe_r2_random": 2.1507350854488294e-05,
      "probe_mse_random": 0.4230884909629822,
      "probe_r2_permuted": -0.000275813185995899,
      "probe_mse_permuted": 0.42321428656578064
    },
    {
      "seed": 1247,
      "seed_index": 13,
      "avg_nll_model": -1.5189313668045343,
      "avg_nll_baseline": -0.8612954896216299,
      "delta_nll": 0.6576358771829044,
      "n_eval_samples": 510000,
      "probe_r2_trained": 0.9843696514523925,
      "probe_mse_trained": 0.006613162811845541,
      "probe_r2_random": 5.871425046155565e-07,
      "probe_mse_random": 0.4230973422527313,
      "probe_r2_permuted": -0.0004550085060022191,
      "probe_mse_permuted": 0.42329010367393494
    },
    {
      "seed": 1248,
      "seed_index": 14,