{
  "metadata": {
    "timestamp": "2025-11-28T08:09:46.634207",
    "world_id": "E3_osc_struct",
    "world_type": "oscillator",
    "model_id": "gru",
    "model_type": "gru",
    "time_cond_type": "full_time",
    "readout_only": false,
    "scramble_core": false,
    "n_seeds": 20,
    "master_seed": 1234,
    "device": "cuda",
    "output_dir": "D:\\tiny_world_model"
  },
  "hyperparameters": {
    "hidden_dim": 4,
    "learning_rate": 0.001,
    "batch_size": 64,
    "max_steps": 20000,
    "n_train_seqs": 20000,
    "n_eval_seqs": 2000,
    "sequence_length": 256
  },
  "per_seed_results": [
    {
      "seed": 1234,
      "seed_index": 0,
      "avg_nll_model": -1.5163520756740196,
      "avg_nll_baseline": -0.8586779359106924,
      "delta_nll": 0.6576741397633272,
      "n_eval_samples": 510000,
      "probe_r2_trained": 0.9958011079587858,
      "probe_mse_trained": 0.001776319113560021,
      "probe_r2_random": -3.5691697959361335e-06,
      "probe_mse_random": 0.4230462312698364,
      "probe_r2_permuted": -0.00013199444251710268,
      "probe_mse_permuted": 0.4231005609035492
    },
    {
      "seed": 1235,
      "seed_index": 1,
      "avg_nll_model": -1.5188863204656862,
      "avg_nll_baseline": -0.8586779359106924,
      "delta_nll": 0.6602083845549938,
      "n_eval_samples": 510000,
      "probe_r2_trained": 0.9935922748876861,
      "probe_mse_trained": 0.002710754284635186,
      "probe_r2_random": 7.985575264379818e-07,
      "probe_mse_random": 0.4230443835258484,
      "probe_r2_permuted": -0.0017194519825591836,
      "probe_mse_permuted": 0.4237721264362335
    },
    {
      "seed": 1236,
      "seed_index": 2,
      "avg_nll_model": -1.5085728362438726,
      "avg_nll_baseline": -0.8586779359106924,
      "delta_nll": 0.6498949003331802,
      "n_eval_samples": 510000,
      "probe_r2_trained": 0.9974661672337818,
      "probe_mse_trained": 0.001071924576535821,
      "probe_r2_random": -6.971910456554653e-05,
      "probe_mse_random": 0.42307421565055847,
      "probe_r2_permuted": -0.0003136778096852755,
      "probe_mse_permuted": 0.42317742109298706
    },
    {
      "seed": 1237,
      "seed_index": 3,
      "avg_nll_model": -1.5165184541590073,
      "avg_nll_baseline": -0.8586779359106924,
      "delta_nll": 0.6578405182483149,
      "n_eval_samples": 510000,
      "probe_r2_trained": 0.9971604510878138,
      "probe_mse_trained": 0.0012012561783194542,
      "probe_r2_random": -0.00013157175922784425,
      "probe_mse_random": 0.42310038208961487,
      "probe_r2_permuted": -0.0011969449898152629,
      "probe_mse_permuted": 0.423551082611084
    },
    {
      "seed": 1238,
      "seed_index": 4,
      "avg_nll_model": -1.518517662377451,
      "avg_nll_baseline": -0.8586779359106924,
      "delta_nll": 0.6598397264667586,
      "n_eval_samples": 510000,
      "probe_r2_trained": 0.997059155973169,
      "probe_mse_trained": 0.001244108541868627,
      "probe_r2_random": -0.0008154028740405828,
      "probe_mse_random": 0.4233896732330322,
      "probe_r2_permuted": -0.0015152255066304132,
      "probe_mse_permuted": 0.4236857295036316
    },
    {
      "seed": 1239,
      "seed_index": 5,
      "avg_nll_model": -1.517938156786152,
      "avg_nll_baseline": -0.8586779359106924,
      "delta_nll": 0.6592602208754597,
      "n_eval_samples": 510000,
      "probe_r2_trained": 0.9992281935226585,
      "probe_mse_trained": 0.00032650865614414215,
      "probe_r2_random": -0.0005548890734246026,
      "probe_mse_random": 0.42327946424484253,
      "probe_r2_permuted": -0.00014150481652541735,
      "probe_mse_permuted": 0.42310458421707153
    },
    {
      "seed": 1240,
      "seed_index": 6,
      "avg_nll_model": -1.5192593960631127,
      "avg_nll_baseline": -0.8586779359106924,
      "delta_nll": 0.6605814601524203,
      "n_eval_samples": 510000,
      "probe_r2_trained": 0.9986445994383453,
      "probe_mse_trained": 0.0005733950529247522,
      "probe_r2_random": 6.011651427328957e-06,
      "probe_mse_random": 0.4230421781539917,
      "probe_r2_permuted": -0.002192857266533732,
      "probe_mse_permuted": 0.42397239804267883
    },
    {
      "seed": 1241,
      "seed_index": 7,
      "avg_nll_model": -1.5029758444393382,
      "avg_nll_baseline": -0.8586779359106924,
      "delta_nll": 0.6442979085286458,
      "n_eval_samples": 510000,
      "probe_r2_trained": 0.9894325226035782,
      "probe_mse_trained": 0.00447051553055644,
      "probe_r2_random": 6.575229146377204e-06,
      "probe_mse_random": 0.4230419397354126,
      "probe_r2_permuted": -0.0014320273458603427,
      "probe_mse_permuted": 0.4236505329608917
    },
    {
      "seed": 1242,
      "seed_index": 8,
      "avg_nll_model": -1.503104044117647,
      "avg_nll_baseline": -0.8586779359106924,
      "delta_nll": 0.6444261082069547,
      "n_eval_samples": 510000,
      "probe_r2_trained": 0.9863546045324777,
      "probe_mse_trained": 0.005772612523287535,
      "probe_r2_random": -0.00016651357780683718,
      "probe_mse_random": 0.42311516404151917,
      "probe_r2_permuted": -0.00020490730991484796,
      "probe_mse_permuted": 0.42313140630722046
    },
    {
      "seed": 1243,
      "seed_index": 9,
      "avg_nll_model": -1.517179518995098,
      "avg_nll_baseline": -0.8586779359106924,
      "delta_nll": 0.6585015830844057,
      "n_eval_samples": 510000,
      "probe_r2_trained": 0.9915477310509218,
      "probe_mse_trained": 0.003575687762349844,
      "probe_r2_random": -4.2808268482463774e-05,
      "probe_mse_random": 0.42306283116340637,
      "probe_r2_permuted": -0.0007946209456517472,
      "probe_mse_permuted": 0.42338088154792786
    },
    {
      "seed": 1244,
      "seed_index": 10,
      "avg_nll_model": -1.5153577914368872,
      "avg_nll_baseline": -0.8586779359106924,
      "delta_nll": 0.6566798555261948,
      "n_eval_samples": 510000,
      "probe_r2_trained": 0.998565895589737,
      "probe_mse_trained": 0.0006066903006285429,
      "probe_r2_random": -5.6825862422282825e-06,
      "probe_mse_random": 0.42304712533950806,
      "probe_r2_permuted": -0.0011043773494665565,
      "probe_mse_permuted": 0.42351192235946655
    },
    {
      "seed": 1245,
      "seed_index": 11,
      "avg_nll_model": -1.515468958716299,
      "avg_nll_baseline": -0.8586779359106924,
      "delta_nll": 0.6567910228056066,
      "n_eval_samples": 510000,
      "probe_r2_trained": 0.9956340258776387,
      "probe_mse_trained": 0.00184700230602175,
      "probe_r2_random": -0.00013770066692209149,
      "probe_mse_random": 0.4231029748916626,
      "probe_r2_permuted": -6.802837140851281e-05,
      "probe_mse_permuted": 0.42307350039482117
    },
    {
      "seed": 1246,
      "seed_index": 12,
      "avg_nll_model": -1.5172171109068628,
      "avg_nll_baseline": -0.8586779359106924,
      "delta_nll": 0.6585391749961704,
      "n_eval_samples": 510000,
      "probe_r2_trained": 0.9984133907159729,
      "probe_mse_trained": 0.0006712066824547946,
      "probe_r2_random": 2.721626310542291e-05,
      "probe_mse_random": 0.423033207654953,
      "probe_r2_permuted": -0.00041624895454650535,
      "probe_mse_permuted": 0.42322081327438354
    },
    {
      "seed": 1247,
      "seed_index": 13,
      "avg_nll_model": -1.5143749387254901,
      "avg_nll_baseline": -0.8586779359106924,
      "delta_nll": 0.6556970028147977,
      "n_eval_samples": 510000,
      "probe_r2_trained": 0.9990296483669434,
      "probe_mse_trained": 0.0004105021362192929,
      "probe_r2_random": -9.021924409480242e-05,
      "probe_mse_random": 0.4230828881263733,
      "probe_r2_permuted": -0.0007745434894117498,
      "probe_mse_permuted": 0.42337238788604736
    },
    {
      "seed": 1248,
      "seed_index": 14,