{
  "metadata": {
    "timestamp": "2025-11-27T19:16:55.155672",
    "world_id": "E3_osc_null",
    "world_type": "oscillator_null",
    "model_id": "gru",
    "model_type": "gru",
    "time_cond_type": "full_time",
    "readout_only": false,
    "scramble_core": false,
    "n_seeds": 20,
    "master_seed": 1234,
    "device": "cuda",
    "output_dir": "D:\\tiny_world_model"
  },
  "hyperparameters": {
    "hidden_dim": 16,
    "learning_rate": 0.001,
    "batch_size": 64,
    "max_steps": 20000,
    "n_train_seqs": 20000,
    "n_eval_seqs": 2000,
    "sequence_length": 256
  },
  "per_seed_results": [
    {
      "seed": 1234,
      "seed_index": 0,
      "avg_nll_model": 81.72328762254902,
      "avg_nll_baseline": 82.77093492647059,
      "delta_nll": 1.0476473039215648,
      "n_eval_samples": 510000,
      "probe_r2_trained": NaN,
      "probe_mse_trained": 1.3725159988098312e-05,
      "probe_r2_random": NaN,
      "probe_mse_random": 2.3934202886266576e-07,
      "probe_r2_permuted": NaN,
      "probe_mse_permuted": 8.85594363353448e-06
    },
    {
      "seed": 1235,
      "seed_index": 1,
      "avg_nll_model": 81.72248786764706,
      "avg_nll_baseline": 82.77093492647059,
      "delta_nll": 1.0484470588235268,
      "n_eval_samples": 510000,
      "probe_r2_trained": NaN,
      "probe_mse_trained": 7.448988617397845e-05,
      "probe_r2_random": NaN,
      "probe_mse_random": 5.063582761977159e-07,
      "probe_r2_permuted": NaN,
      "probe_mse_permuted": 0.00010116257180925459
    },
    {
      "seed": 1236,
      "seed_index": 2,
      "avg_nll_model": 81.76680508578431,
      "avg_nll_baseline": 82.77093492647059,
      "delta_nll": 1.004129840686275,
      "n_eval_samples": 510000,
      "probe_r2_trained": NaN,
      "probe_mse_trained": 1.3795821359963156e-05,
      "probe_r2_random": NaN,
      "probe_mse_random": 1.1471778407212696e-06,
      "probe_r2_permuted": NaN,
      "probe_mse_permuted": 6.580706394743174e-05
    },
    {
      "seed": 1237,
      "seed_index": 3,
      "avg_nll_model": 81.7219912990196,
      "avg_nll_baseline": 82.77093492647059,
      "delta_nll": 1.0489436274509814,
      "n_eval_samples": 510000,
      "probe_r2_trained": NaN,
      "probe_mse_trained": 4.354532575234771e-05,
      "probe_r2_random": NaN,
      "probe_mse_random": 8.441384125035256e-07,
      "probe_r2_permuted": NaN,
      "probe_mse_permuted": 7.075417670421302e-05
    },
    {
      "seed": 1238,
      "seed_index": 4,
      "avg_nll_model": 81.7173199142157,
      "avg_nll_baseline": 82.77093492647059,
      "delta_nll": 1.0536150122548946,
      "n_eval_samples": 510000,
      "probe_r2_trained": NaN,
      "probe_mse_trained": 0.00011426085256971419,
      "probe_r2_random": NaN,
      "probe_mse_random": 7.775022936584719e-07,
      "probe_r2_permuted": NaN,
      "probe_mse_permuted": 2.4722963644308038e-05
    },
    {
      "seed": 1239,
      "seed_index": 5,
      "avg_nll_model": 81.72472794117647,
      "avg_nll_baseline": 82.77093492647059,
      "delta_nll": 1.0462069852941198,
      "n_eval_samples": 510000,
      "probe_r2_trained": NaN,
      "probe_mse_trained": 0.0001025336459861137,
      "probe_r2_random": NaN,
      "probe_mse_random": 2.804198686590098e-07,
      "probe_r2_permuted": NaN,
      "probe_mse_permuted": 8.28369811642915e-05
    },
    {
      "seed": 1240,
      "seed_index": 6,
      "avg_nll_model": 81.7829800245098,
      "avg_nll_baseline": 82.77093492647059,
      "delta_nll": 0.9879549019607907,
      "n_eval_samples": 510000,
      "probe_r2_trained": NaN,
      "probe_mse_trained": 0.0001261246216017753,
      "probe_r2_random": NaN,
      "probe_mse_random": 5.992038722979487e-07,
      "probe_r2_permuted": NaN,
      "probe_mse_permuted": 2.100586470987764e-06
    },
    {
      "seed": 1241,
      "seed_index": 7,
      "avg_nll_model": 81.69963860294118,
      "avg_nll_baseline": 82.77093492647059,
      "delta_nll": 1.0712963235294097,
      "n_eval_samples": 510000,
      "probe_r2_trained": NaN,
      "probe_mse_trained": 0.0010957778431475163,
      "probe_r2_random": NaN,
      "probe_mse_random": 2.066336577399852e-07,
      "probe_r2_permuted": NaN,
      "probe_mse_permuted": 1.4156565157463774e-05
    },
    {
      "seed": 1242,
      "seed_index": 8,
      "avg_nll_model": 81.76413921568627,
      "avg_nll_baseline": 82.77093492647059,
      "delta_nll": 1.006795710784317,
      "n_eval_samples": 510000,
      "probe_r2_trained": NaN,
      "probe_mse_trained": 1.819117460399866e-05,
      "probe_r2_random": NaN,
      "probe_mse_random": 1.6499483308507479e-06,
      "probe_r2_permuted": NaN,
      "probe_mse_permuted": 7.876601739553735e-05
    },
    {
      "seed": 1243,
      "seed_index": 9,
      "avg_nll_model": 81.77078412990195,
      "avg_nll_baseline": 82.77093492647059,
      "delta_nll": 1.000150796568633,
      "n_eval_samples": 510000,
      "probe_r2_trained": NaN,
      "probe_mse_trained": 7.042806828394532e-05,
      "probe_r2_random": NaN,
      "probe_mse_random": 1.026581458063447e-06,
      "probe_r2_permuted": NaN,
      "probe_mse_permuted": 0.000151601416291669
    },
    {
      "seed": 1244,
      "seed_index": 10,
      "avg_nll_model": 81.74893241421569,
      "avg_nll_baseline": 82.77093492647059,
      "delta_nll": 1.0220025122549004,
      "n_eval_samples": 510000,
      "probe_r2_trained": NaN,
      "probe_mse_trained": 4.730313776235562e-06,
      "probe_r2_random": NaN,
      "probe_mse_random": 5.145546424500935e-07,
      "probe_r2_permuted": NaN,
      "probe_mse_permuted": 2.2426886062021367e-05
    },
    {
      "seed": 1245,
      "seed_index": 11,
      "avg_nll_model": 81.76829080882354,
      "avg_nll_baseline": 82.77093492647059,
      "delta_nll": 1.0026441176470513,
      "n_eval_samples": 510000,
      "probe_r2_trained": NaN,
      "probe_mse_trained": 0.00017383582598995417,
      "probe_r2_random": NaN,
      "probe_mse_random": 9.130183684646909e-07,
      "probe_r2_permuted": NaN,
      "probe_mse_permuted": 8.858696673996747e-05
    },
    {
      "seed": 1246,
      "seed_index": 12,
      "avg_nll_model": 81.77493970588235,
      "avg_nll_baseline": 82.77093492647059,
      "delta_nll": 0.9959952205882416,
      "n_eval_samples": 510000,
      "probe_r2_trained": NaN,
      "probe_mse_trained": 0.0021318397484719753,
      "probe_r2_random": NaN,
      "probe_mse_random": 1.124572577282379e-06,
      "probe_r2_permuted": NaN,
      "probe_mse_permuted": 6.961264443816617e-05
    },
    {
      "seed": 1247,
      "seed_index": 13,
      "avg_nll_model": 81.81993927696078,
      "avg_nll_baseline": 82.77093492647059,
      "delta_nll": 0.9509956495098066,
      "n_eval_samples": 510000,
      "probe_r2_trained": NaN,
      "probe_mse_trained": 3.6999088479205966e-05,
      "probe_r2_random": NaN,
      "probe_mse_random": 1.0307896900485503e-06,
      "probe_r2_permuted": NaN,
      "probe_mse_permuted": 3.521262260619551e-05
    },
    {
      "seed": 1248,
      "seed_index": 14,
      "avg_nll_model": 81.70677714460784,
      "avg_nll_baseline": 82.77093492647059,
      "delta_nll": 1.0641577818627468,
      "n_eval_samples": 510000,
      "probe_r2_trained": NaN,
      "probe_mse_trained": 4.921703748550499e-06,
      "probe_r2_random": NaN,
      "probe_mse_random": 7.928950367386278e-07,
      "probe_r2_permuted": NaN,
      "probe_mse_permuted": 5.002606849302538e-05
    },
    {
      "seed": 1249,
      "seed_index": 15,
      "avg_nll_model": 81.85601709558823,
      "avg_nll_baseline": 82.77093492647059,
      "delta_nll": 0.9149178308823593,
      "n_eval_samples": 510000,
      "probe_r2_trained": NaN,
      "probe_mse_trained": 2.3947983208927326e-05,