{
  "metadata": {
    "timestamp": "2025-11-28T08:27:56.731124",
    "world_id": "E3_osc_struct",
    "world_type": "oscillator",
    "model_id": "gru",
    "model_type": "gru",
    "time_cond_type": "full_time",
    "readout_only": false,
    "scramble_core": false,
    "n_seeds": 20,
    "master_seed": 1234,
    "device": "cuda",
    "output_dir": "D:\\tiny_world_model"
  },
  "hyperparameters": {
    "hidden_dim": 8,
    "learning_rate": 0.001,
    "batch_size": 64,
    "max_steps": 20000,
    "n_train_seqs": 20000,
    "n_eval_seqs": 2000,
    "sequence_length": 256
  },
  "per_seed_results": [
    {
      "seed": 1234,
      "seed_index": 0,
      "avg_nll_model": -1.5282248774509803,
      "avg_nll_baseline": -0.8584633626302083,
      "delta_nll": 0.6697615148207721,
      "n_eval_samples": 510000,
      "probe_r2_trained": 0.9967684003599323,
      "probe_mse_trained": 0.0013726091710850596,
      "probe_r2_random": 5.777076575119722e-06,
      "probe_mse_random": 0.4247435927391052,
      "probe_r2_permuted": -0.005370759270875158,
      "probe_mse_permuted": 0.42702725529670715
    },
    {
      "seed": 1235,
      "seed_index": 1,
      "avg_nll_model": -1.52806708984375,
      "avg_nll_baseline": -0.8584633626302083,
      "delta_nll": 0.6696037272135418,
      "n_eval_samples": 510000,
      "probe_r2_trained": 0.9970508683569715,
      "probe_mse_trained": 0.001252632006071508,
      "probe_r2_random": -1.0431047144487948e-05,
      "probe_mse_random": 0.4247504770755768,
      "probe_r2_permuted": -0.0001516732681294819,
      "probe_mse_permuted": 0.4248104691505432
    },
    {
      "seed": 1236,
      "seed_index": 2,
      "avg_nll_model": -1.527743310546875,
      "avg_nll_baseline": -0.8584633626302083,
      "delta_nll": 0.6692799479166667,
      "n_eval_samples": 510000,
      "probe_r2_trained": 0.9973440387149247,
      "probe_mse_trained": 0.001128109055571258,
      "probe_r2_random": 7.671532594288877e-06,
      "probe_mse_random": 0.42474278807640076,
      "probe_r2_permuted": -0.005194083705827968,
      "probe_mse_permuted": 0.42695221304893494
    },
    {
      "seed": 1237,
      "seed_index": 3,
      "avg_nll_model": -1.5264370634191176,
      "avg_nll_baseline": -0.8584633626302083,
      "delta_nll": 0.6679737007889093,
      "n_eval_samples": 510000,
      "probe_r2_trained": 0.9950640474658233,
      "probe_mse_trained": 0.002096526324748993,
      "probe_r2_random": -0.0004782213538045976,
      "probe_mse_random": 0.42494916915893555,
      "probe_r2_permuted": -0.0006610714421737551,
      "probe_mse_permuted": 0.4250268340110779
    },
    {
      "seed": 1238,
      "seed_index": 4,
      "avg_nll_model": -1.524749946384804,
      "avg_nll_baseline": -0.8584633626302083,
      "delta_nll": 0.6662865837545957,
      "n_eval_samples": 510000,
      "probe_r2_trained": 0.995563668580389,
      "probe_mse_trained": 0.0018843142315745354,
      "probe_r2_random": 2.2055365332507293e-05,
      "probe_mse_random": 0.4247366786003113,
      "probe_r2_permuted": -0.0022382411606540753,
      "probe_mse_permuted": 0.4256967306137085
    },
    {
      "seed": 1239,
      "seed_index": 5,
      "avg_nll_model": -1.5260957988664217,
      "avg_nll_baseline": -0.8584633626302083,
      "delta_nll": 0.6676324362362134,
      "n_eval_samples": 510000,
      "probe_r2_trained": 0.998572556168182,
      "probe_mse_trained": 0.0006063011242076755,
      "probe_r2_random": 3.7422904805017865e-06,
      "probe_mse_random": 0.42474445700645447,
      "probe_r2_permuted": -7.93331142121545e-05,
      "probe_mse_permuted": 0.4247797429561615
    },
    {
      "seed": 1240,
      "seed_index": 6,
      "avg_nll_model": -1.5261734604779411,
      "avg_nll_baseline": -0.8584633626302083,
      "delta_nll": 0.6677100978477328,
      "n_eval_samples": 510000,
      "probe_r2_trained": 0.9935714852714146,
      "probe_mse_trained": 0.0027304862160235643,
      "probe_r2_random": -0.00042166833338042053,
      "probe_mse_random": 0.42492514848709106,
      "probe_r2_permuted": -0.0007579693593025016,
      "probe_mse_permuted": 0.4250679910182953
    },
    {
      "seed": 1241,
      "seed_index": 7,
      "avg_nll_model": -1.5265131931678921,
      "avg_nll_baseline": -0.8584633626302083,
      "delta_nll": 0.6680498305376839,
      "n_eval_samples": 510000,
      "probe_r2_trained": 0.9988915296502461,
      "probe_mse_trained": 0.0004708183987531811,
      "probe_r2_random": -6.986083411630872e-05,
      "probe_mse_random": 0.42477571964263916,
      "probe_r2_permuted": -0.0005659978160263979,
      "probe_mse_permuted": 0.42498645186424255
    },
    {
      "seed": 1242,
      "seed_index": 8,
      "avg_nll_model": -1.528090377029718,
      "avg_nll_baseline": -0.8584633626302083,
      "delta_nll": 0.6696270143995098,
      "n_eval_samples": 510000,
      "probe_r2_trained": 0.9925384256867466,
      "probe_mse_trained": 0.003169274190440774,
      "probe_r2_random": -3.940920773404244e-05,
      "probe_mse_random": 0.4247627854347229,
      "probe_r2_permuted": -0.00037571023365612355,
      "probe_mse_permuted": 0.4249056279659271
    },
    {
      "seed": 1243,
      "seed_index": 9,
      "avg_nll_model": -1.5274230219822305,
      "avg_nll_baseline": -0.8584633626302083,
      "delta_nll": 0.6689596593520222,
      "n_eval_samples": 510000,
      "probe_r2_trained": 0.995131072069967,
      "probe_mse_trained": 0.0020680578891187906,
      "probe_r2_random": -1.2044843012537498e-05,
      "probe_mse_random": 0.4247511625289917,
      "probe_r2_permuted": -0.0022773932517168305,
      "probe_mse_permuted": 0.42571336030960083
    },
    {
      "seed": 1244,
      "seed_index": 10,
      "avg_nll_model": -1.5276252891390931,
      "avg_nll_baseline": -0.8584633626302083,
      "delta_nll": 0.6691619265088848,
      "n_eval_samples": 510000,
      "probe_r2_trained": 0.9966954446174416,
      "probe_mse_trained": 0.0014035968342795968,
      "probe_r2_random": 1.6371997274999828e-05,
      "probe_mse_random": 0.4247390925884247,
      "probe_r2_permuted": -0.00010929358533018352,
      "probe_mse_permuted": 0.42479246854782104
    },
    {
      "seed": 1245,
      "seed_index": 11,
      "avg_nll_model": -1.528151535692402,
      "avg_nll_baseline": -0.8584633626302083,
      "delta_nll": 0.6696881730621937,
      "n_eval_samples": 510000,
      "probe_r2_trained": 0.9932763634483491,
      "probe_mse_trained": 0.002855838043615222,
      "probe_r2_random": -5.028339237878043e-06,
      "probe_mse_random": 0.42474818229675293,
      "probe_r2_permuted": -0.0005653663306866008,
      "probe_mse_permuted": 0.42498618364334106
    },
    {
      "seed": 1246,
      "seed_index": 12,
      "avg_nll_model": -1.5268641582414215,
      "avg_nll_baseline": -0.8584633626302083,
      "delta_nll": 0.6684007956112132,
      "n_eval_samples": 510000,
      "probe_r2_trained": 0.995106587212615,
      "probe_mse_trained": 0.002078457735478878,
      "probe_r2_random": 6.689222065814349e-06,
      "probe_mse_random": 0.4247432053089142,
      "probe_r2_permuted": -0.0003999873367166451,
      "probe_mse_permuted": 0.42491593956947327
    },
    {
      "seed": 1247,
      "seed_index": 13,
      "avg_nll_model": -1.5281282781862746,
      "avg_nll_baseline": -0.8584633626302083,
      "delta_nll": 0.6696649155560663,
      "n_eval_samples": 510000,
      "probe_r2_trained": 0.9973780465575756,
      "probe_mse_trained": 0.0011136643588542938,
      "probe_r2_random": 2.4861966842371075e-05,
      "probe_mse_random": 0.42473548650741577,
      "probe_r2_permuted": -0.0008159256804816106,
      "probe_mse_permuted": 0.4250926077365875
    },
    {
      "seed": 1248,
      "seed_index": 14,