{
  "metadata": {
    "timestamp": "2025-11-27T18:43:45.933367",
    "world_id": "E3_osc_struct",
    "world_type": "oscillator",
    "model_id": "gru",
    "model_type": "gru",
    "time_cond_type": "full_time",
    "readout_only": true,
    "scramble_core": false,
    "n_seeds": 20,
    "master_seed": 1234,
    "device": "cuda",
    "output_dir": "D:\\tiny_world_model"
  },
  "hyperparameters": {
    "hidden_dim": 16,
    "learning_rate": 0.001,
    "batch_size": 64,
    "max_steps": 20000,
    "n_train_seqs": 20000,
    "n_eval_seqs": 2000,
    "sequence_length": 256
  },
  "per_seed_results": [
    {
      "seed": 1234,
      "seed_index": 0,
      "avg_nll_model": -1.1881655292585784,
      "avg_nll_baseline": -0.8638789890663297,
      "delta_nll": 0.3242865401922488,
      "n_eval_samples": 510000,
      "probe_r2_trained": 0.9868337592730315,
      "probe_mse_trained": 0.005598606076091528,
      "probe_r2_random": 2.034849042509279e-05,
      "probe_mse_random": 0.4252156913280487,
      "probe_r2_permuted": -0.00012683235163390982,
      "probe_mse_permuted": 0.42527827620506287
    },
    {
      "seed": 1235,
      "seed_index": 1,
      "avg_nll_model": -1.1594694546568627,
      "avg_nll_baseline": -0.8638789890663297,
      "delta_nll": 0.29559046559053304,
      "n_eval_samples": 510000,
      "probe_r2_trained": 0.9938361856999814,
      "probe_mse_trained": 0.002621003892272711,
      "probe_r2_random": -2.20536093109569e-05,
      "probe_mse_random": 0.42523372173309326,
      "probe_r2_permuted": -5.092908880066638e-05,
      "probe_mse_permuted": 0.425246000289917
    },
    {
      "seed": 1236,
      "seed_index": 2,
      "avg_nll_model": -1.2272534083946078,
      "avg_nll_baseline": -0.8638789890663297,
      "delta_nll": 0.3633744193282782,
      "n_eval_samples": 510000,
      "probe_r2_trained": 0.9905679650159447,
      "probe_mse_trained": 0.004010730888694525,
      "probe_r2_random": 2.826822145018948e-05,
      "probe_mse_random": 0.4252123236656189,
      "probe_r2_permuted": -0.00014652655002378445,
      "probe_mse_permuted": 0.4252866506576538
    },
    {
      "seed": 1237,
      "seed_index": 3,
      "avg_nll_model": -1.1876745787377452,
      "avg_nll_baseline": -0.8638789890663297,
      "delta_nll": 0.32379558967141553,
      "n_eval_samples": 510000,
      "probe_r2_trained": 0.9942128700970531,
      "probe_mse_trained": 0.0024608285166323185,
      "probe_r2_random": 1.1097123209902193e-05,
      "probe_mse_random": 0.4252196252346039,
      "probe_r2_permuted": -8.225758232471847e-05,
      "probe_mse_permuted": 0.4252593219280243
    },
    {
      "seed": 1238,
      "seed_index": 4,
      "avg_nll_model": -1.2699052715226715,
      "avg_nll_baseline": -0.8638789890663297,
      "delta_nll": 0.40602628245634187,
      "n_eval_samples": 510000,
      "probe_r2_trained": 0.9930165647200961,
      "probe_mse_trained": 0.0029695266857743263,
      "probe_r2_random": -2.9482737529118452e-05,
      "probe_mse_random": 0.42523688077926636,
      "probe_r2_permuted": -0.00010475522532504833,
      "probe_mse_permuted": 0.42526888847351074
    },
    {
      "seed": 1239,
      "seed_index": 5,
      "avg_nll_model": -1.1670121352251839,
      "avg_nll_baseline": -0.8638789890663297,
      "delta_nll": 0.3031331461588542,
      "n_eval_samples": 510000,
      "probe_r2_trained": 0.9940749696422412,
      "probe_mse_trained": 0.002519467147067189,
      "probe_r2_random": 2.7497274182275433e-05,
      "probe_mse_random": 0.42521265149116516,
      "probe_r2_permuted": -4.1958066046676734e-05,
      "probe_mse_permuted": 0.42524218559265137
    },
    {
      "seed": 1240,
      "seed_index": 6,
      "avg_nll_model": -1.1039884028416054,
      "avg_nll_baseline": -0.8638789890663297,
      "delta_nll": 0.24010941377527573,
      "n_eval_samples": 510000,
      "probe_r2_trained": 0.9954194387095142,
      "probe_mse_trained": 0.0019477661699056625,
      "probe_r2_random": -4.952597186136387e-06,
      "probe_mse_random": 0.42522644996643066,
      "probe_r2_permuted": -8.492085470468425e-05,
      "probe_mse_permuted": 0.425260454416275
    },
    {
      "seed": 1241,
      "seed_index": 7,
      "avg_nll_model": -1.2498572782628676,
      "avg_nll_baseline": -0.8638789890663297,
      "delta_nll": 0.385978289196538,
      "n_eval_samples": 510000,
      "probe_r2_trained": 0.9864235233384674,
      "probe_mse_trained": 0.005773048382252455,
      "probe_r2_random": 3.1773921848055053e-06,
      "probe_mse_random": 0.4252229928970337,
      "probe_r2_permuted": -1.5675772821799328e-05,
      "probe_mse_permuted": 0.425231009721756
    },
    {
      "seed": 1242,
      "seed_index": 8,
      "avg_nll_model": -1.1993022709865195,
      "avg_nll_baseline": -0.8638789890663297,
      "delta_nll": 0.3354232819201899,
      "n_eval_samples": 510000,
      "probe_r2_trained": 0.9937587575165933,
      "probe_mse_trained": 0.002653928240761161,
      "probe_r2_random": -8.688326593220275e-05,
      "probe_mse_random": 0.4252612888813019,
      "probe_r2_permuted": -3.614091847947698e-05,
      "probe_mse_permuted": 0.4252397119998932
    },
    {
      "seed": 1243,
      "seed_index": 9,
      "avg_nll_model": -1.219087153416054,
      "avg_nll_baseline": -0.8638789890663297,
      "delta_nll": 0.35520816434972424,
      "n_eval_samples": 510000,
      "probe_r2_trained": 0.988807653672434,
      "probe_mse_trained": 0.00475925812497735,
      "probe_r2_random": 5.630406219148121e-06,
      "probe_mse_random": 0.4252219498157501,
      "probe_r2_permuted": -0.00019348424725218472,
      "probe_mse_permuted": 0.42530661821365356
    },
    {
      "seed": 1244,
      "seed_index": 10,
      "avg_nll_model": -1.1991251244638481,
      "avg_nll_baseline": -0.8638789890663297,
      "delta_nll": 0.33524613539751846,
      "n_eval_samples": 510000,
      "probe_r2_trained": 0.9946293316498249,
      "probe_mse_trained": 0.002283738926053047,
      "probe_r2_random": 4.3126477886623604e-05,
      "probe_mse_random": 0.4252060055732727,
      "probe_r2_permuted": -5.0088055417507604e-05,
      "probe_mse_permuted": 0.42524564266204834
    },
    {
      "seed": 1245,
      "seed_index": 11,
      "avg_nll_model": -1.1877988625919118,
      "avg_nll_baseline": -0.8638789890663297,
      "delta_nll": 0.32391987352558216,
      "n_eval_samples": 510000,
      "probe_r2_trained": 0.9922276102484743,
      "probe_mse_trained": 0.0033050093334168196,
      "probe_r2_random": 1.0816778748923284e-05,
      "probe_mse_random": 0.42521974444389343,
      "probe_r2_permuted": -5.303027762249002e-06,
      "probe_mse_permuted": 0.4252265989780426
    },
    {
      "seed": 1246,
      "seed_index": 12,
      "avg_nll_model": -1.2599858685661764,
      "avg_nll_baseline": -0.8638789890663297,
      "delta_nll": 0.3961068794998468,
      "n_eval_samples": 510000,
      "probe_r2_trained": 0.9949461022742039,
      "probe_mse_trained": 0.0021490403451025486,
      "probe_r2_random": -0.0041773192112146695,
      "probe_mse_random": 0.42700064182281494,
      "probe_r2_permuted": -2.9482737529118452e-05,
      "probe_mse_permuted": 0.42523688077926636
    },
    {
      "seed": 1247,
      "seed_index": 13,
      "avg_nll_model": -1.2673339345894608,
      "avg_nll_baseline": -0.8638789890663297,
      "delta_nll": 0.4034549455231311,
      "n_eval_samples": 510000,
      "probe_r2_trained": 0.9920949388749186,
      "probe_mse_trained": 0.003361424431204796,
      "probe_r2_random": 5.490233988658666e-06,
      "probe_mse_random": 0.4252220094203949,
      "probe_r2_permuted": -2.6609206803307472e-05,
      "probe_mse_permuted": 0.42523565888404846
    },
    {
      "seed": 1248,
      "seed_index": 14,