{
  "metadata": {
    "timestamp": "2025-11-28T06:01:18.991650",
    "world_id": "E2_regime_null",
    "world_type": "regime_null",
    "model_id": "gru",
    "model_type": "gru",
    "time_cond_type": "full_time",
    "readout_only": false,
    "scramble_core": false,
    "n_seeds": 20,
    "master_seed": 1234,
    "device": "cuda",
    "output_dir": "D:\\tiny_world_model"
  },
  "hyperparameters": {
    "hidden_dim": 16,
    "learning_rate": 0.001,
    "batch_size": 64,
    "max_steps": 20000,
    "n_train_seqs": 20000,
    "n_eval_seqs": 2000,
    "sequence_length": 128
  },
  "per_seed_results": [
    {
      "seed": 1234,
      "seed_index": 0,
      "avg_nll_model": 47.92580425688976,
      "avg_nll_baseline": 47.92319798843504,
      "delta_nll": -0.0026062684547198955,
      "n_eval_samples": 254000,
      "probe_r2_trained": NaN,
      "probe_mse_trained": 8.150570351972419e-07,
      "probe_r2_random": NaN,
      "probe_mse_random": 2.641957053128863e-07,
      "probe_r2_permuted": NaN,
      "probe_mse_permuted": 1.3455041880661156e-06
    },
    {
      "seed": 1235,
      "seed_index": 1,
      "avg_nll_model": 47.92616326279528,
      "avg_nll_baseline": 47.92319798843504,
      "delta_nll": -0.002965274360235526,
      "n_eval_samples": 254000,
      "probe_r2_trained": NaN,
      "probe_mse_trained": 1.3326626913112705e-06,
      "probe_r2_random": NaN,
      "probe_mse_random": 8.446241395176912e-07,
      "probe_r2_permuted": NaN,
      "probe_mse_permuted": 0.0009347166633233428
    },
    {
      "seed": 1236,
      "seed_index": 2,
      "avg_nll_model": 47.92550695127953,
      "avg_nll_baseline": 47.92319798843504,
      "delta_nll": -0.002308962844487894,
      "n_eval_samples": 254000,
      "probe_r2_trained": NaN,
      "probe_mse_trained": 2.147652139683487e-06,
      "probe_r2_random": NaN,
      "probe_mse_random": 1.1668137176457094e-06,
      "probe_r2_permuted": NaN,
      "probe_mse_permuted": 0.0005084826843813062
    },
    {
      "seed": 1237,
      "seed_index": 3,
      "avg_nll_model": 47.92670527805118,
      "avg_nll_baseline": 47.92319798843504,
      "delta_nll": -0.0035072896161381095,
      "n_eval_samples": 254000,
      "probe_r2_trained": NaN,
      "probe_mse_trained": 4.215558874420822e-06,
      "probe_r2_random": NaN,
      "probe_mse_random": 1.0986694860548596e-06,
      "probe_r2_permuted": NaN,
      "probe_mse_permuted": 6.543023573613027e-06
    },
    {
      "seed": 1238,
      "seed_index": 4,
      "avg_nll_model": 47.93377503690945,
      "avg_nll_baseline": 47.92319798843504,
      "delta_nll": -0.010577048474409878,
      "n_eval_samples": 254000,
      "probe_r2_trained": NaN,
      "probe_mse_trained": 3.245672633056529e-05,
      "probe_r2_random": NaN,
      "probe_mse_random": 1.1591064321692102e-06,
      "probe_r2_permuted": NaN,
      "probe_mse_permuted": 3.4772604067256907e-06
    },
    {
      "seed": 1239,
      "seed_index": 5,
      "avg_nll_model": 47.92665935654527,
      "avg_nll_baseline": 47.92319798843504,
      "delta_nll": -0.003461368110230012,
      "n_eval_samples": 254000,
      "probe_r2_trained": NaN,
      "probe_mse_trained": 0.0005825046682730317,
      "probe_r2_random": NaN,
      "probe_mse_random": 6.304031217041484e-07,
      "probe_r2_permuted": NaN,
      "probe_mse_permuted": 2.5709782676131e-06
    },
    {
      "seed": 1240,
      "seed_index": 6,
      "avg_nll_model": 47.92297634719488,
      "avg_nll_baseline": 47.92319798843504,
      "delta_nll": 0.00022164124015944253,
      "n_eval_samples": 254000,
      "probe_r2_trained": NaN,
      "probe_mse_trained": 1.0960205145238433e-05,
      "probe_r2_random": NaN,
      "probe_mse_random": 2.421177782707673e-07,
      "probe_r2_permuted": NaN,
      "probe_mse_permuted": 5.533051535167033e-06
    },
    {
      "seed": 1241,
      "seed_index": 7,
      "avg_nll_model": 47.92616550812008,
      "avg_nll_baseline": 47.92319798843504,
      "delta_nll": -0.0029675196850362795,
      "n_eval_samples": 254000,
      "probe_r2_trained": NaN,
      "probe_mse_trained": 7.666152669116855e-05,
      "probe_r2_random": NaN,
      "probe_mse_random": 6.375628345267614e-07,
      "probe_r2_permuted": NaN,
      "probe_mse_permuted": 3.614945626395638e-06
    },
    {
      "seed": 1242,
      "seed_index": 8,
      "avg_nll_model": 47.92622954601378,
      "avg_nll_baseline": 47.92319798843504,
      "delta_nll": -0.0030315575787369653,
      "n_eval_samples": 254000,
      "probe_r2_trained": NaN,
      "probe_mse_trained": 1.3046790172666078e-06,
      "probe_r2_random": NaN,
      "probe_mse_random": 1.596261199665605e-06,
      "probe_r2_permuted": NaN,
      "probe_mse_permuted": 1.994088052015286e-06
    },
    {
      "seed": 1243,
      "seed_index": 9,
      "avg_nll_model": 47.928120601624016,
      "avg_nll_baseline": 47.92319798843504,
      "delta_nll": -0.004922613188973912,
      "n_eval_samples": 254000,
      "probe_r2_trained": NaN,
      "probe_mse_trained": 1.9957385575253284e-06,
      "probe_r2_random": NaN,
      "probe_mse_random": 4.564704454423918e-07,
      "probe_r2_permuted": NaN,
      "probe_mse_permuted": 6.0790180214098655e-06
    },
    {
      "seed": 1244,
      "seed_index": 10,
      "avg_nll_model": 47.92413871801181,
      "avg_nll_baseline": 47.92319798843504,
      "delta_nll": -0.0009407295767687174,
      "n_eval_samples": 254000,
      "probe_r2_trained": NaN,
      "probe_mse_trained": 3.0557582704204833e-06,
      "probe_r2_random": NaN,
      "probe_mse_random": 2.8065437618352007e-07,
      "probe_r2_permuted": NaN,
      "probe_mse_permuted": 1.8962211925099837e-06
    },
    {
      "seed": 1245,
      "seed_index": 11,
      "avg_nll_model": 47.92546318282481,
      "avg_nll_baseline": 47.92319798843504,
      "delta_nll": -0.002265194389764247,
      "n_eval_samples": 254000,
      "probe_r2_trained": NaN,
      "probe_mse_trained": 8.197865781767177e-07,
      "probe_r2_random": NaN,
      "probe_mse_random": 3.616678441176191e-07,
      "probe_r2_permuted": NaN,
      "probe_mse_permuted": 5.235381195234368e-06
    },
    {
      "seed": 1246,
      "seed_index": 12,
      "avg_nll_model": 47.92483396899606,
      "avg_nll_baseline": 47.92319798843504,
      "delta_nll": -0.0016359805610193234,
      "n_eval_samples": 254000,
      "probe_r2_trained": NaN,
      "probe_mse_trained": 1.4289039427239913e-05,
      "probe_r2_random": NaN,
      "probe_mse_random": 7.87156807291467e-07,
      "probe_r2_permuted": NaN,
      "probe_mse_permuted": 1.1480045941425487e-05
    },
    {
      "seed": 1247,
      "seed_index": 13,
      "avg_nll_model": 47.92645841535433,
      "avg_nll_baseline": 47.92319798843504,
      "delta_nll": -0.0032604269192901825,
      "n_eval_samples": 254000,
      "probe_r2_trained": NaN,
      "probe_mse_trained": 5.787597729067784e-06,
      "probe_r2_random": NaN,
      "probe_mse_random": 1.16930459626019e-06,
      "probe_r2_permuted": NaN,
      "probe_mse_permuted": 9.071782187675126e-06
    },
    {
      "seed": 1248,
      "seed_index": 14,
      "avg_nll_model": 47.92951104207677,
      "avg_nll_baseline": 47.92319798843504,
      "delta_nll": -0.006313053641726185,
      "n_eval_samples": 254000,
      "probe_r2_trained": NaN,
      "probe_mse_trained": 2.5275842290284345e-06,
      "probe_r2_random": NaN,
      "probe_mse_random": 7.668440389352327e-07,
      "probe_r2_permuted": NaN,
      "probe_mse_permuted": 4.717371666629333e-06
    },
    {
      "seed": 1249,
      "seed_index": 15,
      "avg_nll_model": 47.92767510457677,
      "avg_nll_baseline": 47.92319798843504,
      "delta_nll": -0.004477116141728743,
      "n_eval_samples": 254000,