{
  "metadata": {
    "timestamp": "2025-11-28T07:33:53.617530",
    "world_id": "E3_osc_struct",
    "world_type": "oscillator",
    "model_id": "rnn_tanh",
    "model_type": "rnn_tanh",
    "time_cond_type": "full_time",
    "readout_only": false,
    "scramble_core": false,
    "n_seeds": 20,
    "master_seed": 1234,
    "device": "cuda",
    "output_dir": "D:\\tiny_world_model"
  },
  "hyperparameters": {
    "hidden_dim": 32,
    "learning_rate": 0.001,
    "batch_size": 64,
    "max_steps": 20000,
    "n_train_seqs": 20000,
    "n_eval_seqs": 2000,
    "sequence_length": 256
  },
  "per_seed_results": [
    {
      "seed": 1234,
      "seed_index": 0,
      "avg_nll_model": -1.5253377278645834,
      "avg_nll_baseline": -0.8579339288449754,
      "delta_nll": 0.667403799019608,
      "n_eval_samples": 510000,
      "probe_r2_trained": 0.9968009778662936,
      "probe_mse_trained": 0.001357800792902708,
      "probe_r2_random": 4.0327099797843324e-05,
      "probe_mse_random": 0.424425333738327,
      "probe_r2_permuted": -0.00021694148669415547,
      "probe_mse_permuted": 0.42453452944755554
    },
    {
      "seed": 1235,
      "seed_index": 1,
      "avg_nll_model": -1.520151438036152,
      "avg_nll_baseline": -0.8579339288449754,
      "delta_nll": 0.6622175091911766,
      "n_eval_samples": 510000,
      "probe_r2_trained": 0.9988160733795474,
      "probe_mse_trained": 0.0005025087157264352,
      "probe_r2_random": -3.9773103321927294e-07,
      "probe_mse_random": 0.4244426190853119,
      "probe_r2_permuted": -0.00020331973293341576,
      "probe_mse_permuted": 0.42452874779701233
    },
    {
      "seed": 1236,
      "seed_index": 2,
      "avg_nll_model": -1.509265251608456,
      "avg_nll_baseline": -0.8579339288449754,
      "delta_nll": 0.6513313227634805,
      "n_eval_samples": 510000,
      "probe_r2_trained": 0.9986744677833509,
      "probe_mse_trained": 0.0005626121419481933,
      "probe_r2_random": 1.4628327238863648e-05,
      "probe_mse_random": 0.4244362413883209,
      "probe_r2_permuted": -0.000261809015833947,
      "probe_mse_permuted": 0.4245535731315613
    },
    {
      "seed": 1237,
      "seed_index": 3,
      "avg_nll_model": -1.5226136287913603,
      "avg_nll_baseline": -0.8579339288449754,
      "delta_nll": 0.6646796999463849,
      "n_eval_samples": 510000,
      "probe_r2_trained": 0.9988374463730825,
      "probe_mse_trained": 0.0004934371099807322,
      "probe_r2_random": 4.306549359511802e-05,
      "probe_mse_random": 0.4244241714477539,
      "probe_r2_permuted": -0.00011730608160887002,
      "probe_mse_permuted": 0.4244922399520874
    },
    {
      "seed": 1238,
      "seed_index": 4,
      "avg_nll_model": -1.5274048445159314,
      "avg_nll_baseline": -0.8579339288449754,
      "delta_nll": 0.669470915670956,
      "n_eval_samples": 510000,
      "probe_r2_trained": 0.9973444958250756,
      "probe_mse_trained": 0.0011271086987107992,
      "probe_r2_random": -4.8916451902858427e-05,
      "probe_mse_random": 0.4244632124900818,
      "probe_r2_permuted": -8.760504119242896e-05,
      "probe_mse_permuted": 0.4244796335697174
    },
    {
      "seed": 1239,
      "seed_index": 5,
      "avg_nll_model": -1.5233339556525736,
      "avg_nll_baseline": -0.8579339288449754,
      "delta_nll": 0.6654000268075981,
      "n_eval_samples": 510000,
      "probe_r2_trained": 0.9987059211873462,
      "probe_mse_trained": 0.0005492619820870459,
      "probe_r2_random": 3.253320975948881e-05,
      "probe_mse_random": 0.42442864179611206,
      "probe_r2_permuted": -0.00043025534197882465,
      "probe_mse_permuted": 0.42462506890296936
    },
    {
      "seed": 1240,
      "seed_index": 6,
      "avg_nll_model": -1.5237316942401962,
      "avg_nll_baseline": -0.8579339288449754,
      "delta_nll": 0.6657977653952207,
      "n_eval_samples": 510000,
      "probe_r2_trained": 0.9986471233414426,
      "probe_mse_trained": 0.0005742182838730514,
      "probe_r2_random": 5.991854493681004e-06,
      "probe_mse_random": 0.4244399070739746,
      "probe_r2_permuted": -0.0002592812677133516,
      "probe_mse_permuted": 0.4245525002479553
    },
    {
      "seed": 1241,
      "seed_index": 7,
      "avg_nll_model": -1.526508988204657,
      "avg_nll_baseline": -0.8579339288449754,
      "delta_nll": 0.6685750593596815,
      "n_eval_samples": 510000,
      "probe_r2_trained": 0.9979068018422622,
      "probe_mse_trained": 0.0008884421549737453,
      "probe_r2_random": -0.00011091649608196974,
      "probe_mse_random": 0.4244895279407501,
      "probe_r2_permuted": -0.0002719200083163287,
      "probe_mse_permuted": 0.4245578646659851
    },
    {
      "seed": 1242,
      "seed_index": 8,
      "avg_nll_model": -1.5090566214767156,
      "avg_nll_baseline": -0.8579339288449754,
      "delta_nll": 0.6511226926317402,
      "n_eval_samples": 510000,
      "probe_r2_trained": 0.9985026947366166,
      "probe_mse_trained": 0.0006355199147947133,
      "probe_r2_random": -0.0001289618090536404,
      "probe_mse_random": 0.42449718713760376,
      "probe_r2_permuted": -0.00024994264271249733,
      "probe_mse_permuted": 0.42454853653907776
    },
    {
      "seed": 1243,
      "seed_index": 9,
      "avg_nll_model": -1.5222679974724265,
      "avg_nll_baseline": -0.8579339288449754,
      "delta_nll": 0.664334068627451,
      "n_eval_samples": 510000,
      "probe_r2_trained": 0.9985805313312224,
      "probe_mse_trained": 0.0006024827598594129,
      "probe_r2_random": 5.465100581436566e-05,
      "probe_mse_random": 0.42441925406455994,
      "probe_r2_permuted": -0.00040259054310376463,
      "probe_mse_permuted": 0.4246133267879486
    },
    {
      "seed": 1244,
      "seed_index": 10,
      "avg_nll_model": -1.5234521963082108,
      "avg_nll_baseline": -0.8579339288449754,
      "delta_nll": 0.6655182674632354,
      "n_eval_samples": 510000,
      "probe_r2_trained": 0.9981255640973451,
      "probe_mse_trained": 0.0007955901673994958,
      "probe_r2_random": 5.289562517507562e-05,
      "probe_mse_random": 0.42441999912261963,
      "probe_r2_permuted": -0.0002936867282432587,
      "probe_mse_permuted": 0.4245671033859253
    },
    {
      "seed": 1245,
      "seed_index": 11,
      "avg_nll_model": -1.519496196193321,
      "avg_nll_baseline": -0.8579339288449754,
      "delta_nll": 0.6615622673483457,
      "n_eval_samples": 510000,
      "probe_r2_trained": 0.9971152683471831,
      "probe_mse_trained": 0.0012244025710970163,
      "probe_r2_random": 3.1831057503706184e-05,
      "probe_mse_random": 0.42442893981933594,
      "probe_r2_permuted": -0.0001151996248418552,
      "probe_mse_permuted": 0.42449134588241577
    },
    {
      "seed": 1246,
      "seed_index": 12,
      "avg_nll_model": -1.5255721440333947,
      "avg_nll_baseline": -0.8579339288449754,
      "delta_nll": 0.6676382151884193,
      "n_eval_samples": 510000,
      "probe_r2_trained": 0.9981006479777008,
      "probe_mse_trained": 0.0008061656262725592,
      "probe_r2_random": 2.2843508630687737e-05,
      "probe_mse_random": 0.42443275451660156,
      "probe_r2_permuted": -0.00014567303273960164,
      "probe_mse_permuted": 0.42450428009033203
    },
    {
      "seed": 1247,
      "seed_index": 13,
      "avg_nll_model": -1.527207896752451,
      "avg_nll_baseline": -0.8579339288449754,
      "delta_nll": 0.6692739679074755,
      "n_eval_samples": 510000,
      "probe_r2_trained": 0.9981630439424976,
      "probe_mse_trained": 0.000779682130087167,
      "probe_r2_random": 5.2965840400598374e-05,
      "probe_mse_random": 0.42441996932029724,
      "probe_r2_permuted": -0.00032212389459940205,
      "probe_mse_permuted": 0.4245791733264923
    },
    {
      "seed": 1248,
      "seed_index": 14,