{
  "metadata": {
    "timestamp": "2025-11-27T08:54:47.240165",
    "world_id": "E3_osc_struct",
    "world_type": "oscillator",
    "model_id": "rnn_tanh",
    "model_type": "rnn_tanh",
    "time_cond_type": "full_time",
    "readout_only": false,
    "n_seeds": 5,
    "master_seed": 1234,
    "device": "cuda",
    "output_dir": "D:\\tiny_world_model"
  },
  "hyperparameters": {
    "hidden_dim": 8,
    "learning_rate": 0.001,
    "batch_size": 64,
    "max_steps": 20000,
    "n_train_seqs": 20000,
    "n_eval_seqs": 2000,
    "sequence_length": 256
  },
  "per_seed_results": [
    {
      "seed": 1234,
      "seed_index": 0,
      "avg_nll_model": -1.4526020354626226,
      "avg_nll_baseline": -0.8623766462737439,
      "delta_nll": 0.5902253891888787,
      "n_eval_samples": 510000,
      "probe_r2_trained": 0.9936678299427201,
      "probe_mse_trained": 0.002689946908503771,
      "probe_r2_random": 1.194989948960501e-05,
      "probe_mse_random": 0.42480140924453735,
      "probe_r2_permuted": -0.0005354699951036768,
      "probe_mse_permuted": 0.42503395676612854
    },
    {
      "seed": 1235,
      "seed_index": 1,
      "avg_nll_model": -1.4989310020297182,
      "avg_nll_baseline": -0.8623766462737439,
      "delta_nll": 0.6365543557559743,
      "n_eval_samples": 510000,
      "probe_r2_trained": 0.9969495291318745,
      "probe_mse_trained": 0.0012958598090335727,
      "probe_r2_random": 2.3174708298379088e-05,
      "probe_mse_random": 0.4247966408729553,
      "probe_r2_permuted": -0.0004733827713800931,
      "probe_mse_permuted": 0.42500758171081543
    },
    {
      "seed": 1236,
      "seed_index": 2,
      "avg_nll_model": -1.4957092380897672,
      "avg_nll_baseline": -0.8623766462737439,
      "delta_nll": 0.6333325918160233,
      "n_eval_samples": 510000,
      "probe_r2_trained": 0.9965545520612679,
      "probe_mse_trained": 0.0014636486303061247,
      "probe_r2_random": -7.167492613580073e-05,
      "probe_mse_random": 0.4248369336128235,
      "probe_r2_permuted": -0.00017459239190142917,
      "probe_mse_permuted": 0.42488065361976624
    },
    {
      "seed": 1237,
      "seed_index": 3,
      "avg_nll_model": -1.4893052590762867,
      "avg_nll_baseline": -0.8623766462737439,
      "delta_nll": 0.6269286128025429,
      "n_eval_samples": 510000,
      "probe_r2_trained": 0.9918433041373897,
      "probe_mse_trained": 0.0034650173038244247,
      "probe_r2_random": -0.0011264561788859595,
      "probe_mse_random": 0.4252850115299225,
      "probe_r2_permuted": 7.31966585598709e-06,
      "probe_mse_permuted": 0.42480337619781494
    },
    {
      "seed": 1238,
      "seed_index": 4,
      "avg_nll_model": -1.4939536410462622,
      "avg_nll_baseline": -0.8623766462737439,
      "delta_nll": 0.6315769947725183,
      "n_eval_samples": 510000,
      "probe_r2_trained": 0.9969913768962579,
      "probe_mse_trained": 0.0012780826073139906,
      "probe_r2_random": 1.566811740749685e-05,
      "probe_mse_random": 0.4247998297214508,
      "probe_r2_permuted": -0.0009589960624698524,
      "probe_mse_permuted": 0.42521387338638306
    }
  ],
  "aggregated_metrics": {
    "delta_nll": {
      "mean": 0.6237235888671876,
      "std": 0.017035486849826496,
      "min": 0.5902253891888787,
      "max": 0.6365543557559743,
      "values": [
        0.5902253891888787,
        0.6365543557559743,
        0.6333325918160233,
        0.6269286128025429,
        0.6315769947725183
      ]
    },
    "probe_r2_trained": {
      "mean": 0.9952013184339019,
      "std": 0.002084209114343354,
      "values": [
        0.9936678299427201,
        0.9969495291318745,
        0.9965545520612679,
        0.9918433041373897,
        0.9969913768962579
      ]
    },
    "probe_r2_random": {
      "mean": -0.00022946767596525585,
      "std": 0.00044981976468983057,
      "values": [
        1.194989948960501e-05,
        2.3174708298379088e-05,
        -7.167492613580073e-05,
        -0.0011264561788859595,
        1.566811740749685e-05
      ]
    },
    "probe_r2_permuted": {
      "mean": -0.00042702431099981284,
      "std": 0.00033144534440003565,
      "values": [
        -0.0005354699951036768,
        -0.0004733827713800931,
        -0.00017459239190142917,
        7.31966585598709e-06,
        -0.0009589960624698524
      ]
    },
    "probe_emergence_margin": {
      "description": "trained R\u00b2 minus max(random, permuted) R\u00b2",
      "mean": 0.9952040309409188,
      "values": [
        0.9936558800432305,
        0.9969263544235761,
        0.9966262269874037,
        0.9918359844715338,
        0.9969757087788504
      ]
    }
  },
  "statistical_tests": {
    "permutation_test": {
      "metric": "delta_nll",
      "observed_mean": 0.6237235888671876,
      "p_value": 0.03298350824587706,
      "n_permutations": 2000,
      "direction": "higher",
      "sided": "one",
      "null_distribution_mean": -0.001929484413679535,
      "null_distribution_std": 0.2769852108360123
    }
  }
}