{
  "metadata": {
    "timestamp": "2025-11-27T11:24:47.307509",
    "world_id": "E3_osc_struct",
    "world_type": "oscillator",
    "model_id": "rnn_tanh",
    "model_type": "rnn_tanh",
    "time_cond_type": "full_time",
    "readout_only": false,
    "n_seeds": 5,
    "master_seed": 1234,
    "device": "cuda",
    "output_dir": "D:\\tiny_world_model"
  },
  "hyperparameters": {
    "hidden_dim": 16,
    "learning_rate": 0.001,
    "batch_size": 64,
    "max_steps": 20000,
    "n_train_seqs": 20000,
    "n_eval_seqs": 2000,
    "sequence_length": 256
  },
  "per_seed_results": [
    {
      "seed": 1234,
      "seed_index": 0,
      "avg_nll_model": -1.5028974006204043,
      "avg_nll_baseline": -0.8605023609834559,
      "delta_nll": 0.6423950396369484,
      "n_eval_samples": 510000,
      "probe_r2_trained": 0.9990162110650317,
      "probe_mse_trained": 0.0004172340268269181,
      "probe_r2_random": 1.3656033193032435e-05,
      "probe_mse_random": 0.4241034984588623,
      "probe_r2_permuted": -7.783600589617024e-05,
      "probe_mse_permuted": 0.4241423010826111
    },
    {
      "seed": 1235,
      "seed_index": 1,
      "avg_nll_model": -1.5079499664905025,
      "avg_nll_baseline": -0.8605023609834559,
      "delta_nll": 0.6474476055070466,
      "n_eval_samples": 510000,
      "probe_r2_trained": 0.997255436737271,
      "probe_mse_trained": 0.0011639947770163417,
      "probe_r2_random": 3.39641739739438e-05,
      "probe_mse_random": 0.42409488558769226,
      "probe_r2_permuted": -0.00014993341918767555,
      "probe_mse_permuted": 0.42417287826538086
    },
    {
      "seed": 1236,
      "seed_index": 2,
      "avg_nll_model": -1.5098484939874388,
      "avg_nll_baseline": -0.8605023609834559,
      "delta_nll": 0.6493461330039829,
      "n_eval_samples": 510000,
      "probe_r2_trained": 0.9870333794764432,
      "probe_mse_trained": 0.005499264225363731,
      "probe_r2_random": -0.004001523399616014,
      "probe_mse_random": 0.4258063733577728,
      "probe_r2_permuted": -0.00010439821079311074,
      "probe_mse_permuted": 0.42415356636047363
    },
    {
      "seed": 1237,
      "seed_index": 3,
      "avg_nll_model": -1.5101606828278187,
      "avg_nll_baseline": -0.8605023609834559,
      "delta_nll": 0.6496583218443628,
      "n_eval_samples": 510000,
      "probe_r2_trained": 0.998294397118688,
      "probe_mse_trained": 0.0007233620272018015,
      "probe_r2_random": 9.580350960214368e-06,
      "probe_mse_random": 0.4241052269935608,
      "probe_r2_permuted": -0.0003809824395604178,
      "probe_mse_permuted": 0.4242708683013916
    },
    {
      "seed": 1238,
      "seed_index": 4,
      "avg_nll_model": -1.511446275658701,
      "avg_nll_baseline": -0.8605023609834559,
      "delta_nll": 0.6509439146752451,
      "n_eval_samples": 510000,
      "probe_r2_trained": 0.993234153937379,
      "probe_mse_trained": 0.002869458170607686,
      "probe_r2_random": 2.560199835832666e-05,
      "probe_mse_random": 0.4240984320640564,
      "probe_r2_permuted": -0.000502761013862596,
      "probe_mse_permuted": 0.4243225157260895
    }
  ],
  "aggregated_metrics": {
    "delta_nll": {
      "mean": 0.6479582029335172,
      "std": 0.002998023495318811,
      "min": 0.6423950396369484,
      "max": 0.6509439146752451,
      "values": [
        0.6423950396369484,
        0.6474476055070466,
        0.6493461330039829,
        0.6496583218443628,
        0.6509439146752451
      ]
    },
    "probe_r2_trained": {
      "mean": 0.9949667156669626,
      "std": 0.004441840029074343,
      "values": [
        0.9990162110650317,
        0.997255436737271,
        0.9870333794764432,
        0.998294397118688,
        0.993234153937379
      ]
    },
    "probe_r2_random": {
      "mean": -0.0007837441686260993,
      "std": 0.0016089128134363394,
      "values": [
        1.3656033193032435e-05,
        3.39641739739438e-05,
        -0.004001523399616014,
        9.580350960214368e-06,
        2.560199835832666e-05
      ]
    },
    "probe_r2_permuted": {
      "mean": -0.00024318221785999406,
      "std": 0.00016832454444732855,
      "values": [
        -7.783600589617024e-05,
        -0.00014993341918767555,
        -0.00010439821079311074,
        -0.0003809824395604178,
        -0.000502761013862596
      ]
    },
    "probe_emergence_margin": {
      "description": "trained R\u00b2 minus max(random, permuted) R\u00b2",
      "mean": 0.994971034797824,
      "values": [
        0.9990025550318387,
        0.9972214725632971,
        0.9871377776872363,
        0.9982848167677277,
        0.9932085519390207
      ]
    }
  },
  "statistical_tests": {
    "permutation_test": {
      "metric": "delta_nll",
      "observed_mean": 0.6479582029335172,
      "p_value": 0.03298350824587706,
      "n_permutations": 2000,
      "direction": "higher",
      "sided": "one",
      "null_distribution_mean": -0.002045309642884497,
      "null_distribution_std": 0.2876881872583339
    }
  }
}