{
  "metadata": {
    "timestamp": "2025-11-28T09:03:35.582595",
    "world_id": "E3_osc_struct",
    "world_type": "oscillator",
    "model_id": "gru",
    "model_type": "gru",
    "time_cond_type": "full_time",
    "readout_only": false,
    "scramble_core": false,
    "n_seeds": 20,
    "master_seed": 1234,
    "device": "cuda",
    "output_dir": "D:\\tiny_world_model"
  },
  "hyperparameters": {
    "hidden_dim": 32,
    "learning_rate": 0.001,
    "batch_size": 64,
    "max_steps": 20000,
    "n_train_seqs": 20000,
    "n_eval_seqs": 2000,
    "sequence_length": 256
  },
  "per_seed_results": [
    {
      "seed": 1234,
      "seed_index": 0,
      "avg_nll_model": -1.5328319182751224,
      "avg_nll_baseline": -0.8579339288449754,
      "delta_nll": 0.674897989430147,
      "n_eval_samples": 510000,
      "probe_r2_trained": 0.9980700710297731,
      "probe_mse_trained": 0.0008191437809728086,
      "probe_r2_random": 4.3416569722953824e-05,
      "probe_mse_random": 0.42442402243614197,
      "probe_r2_permuted": -8.704331938780285e-05,
      "probe_mse_permuted": 0.4244793951511383
    },
    {
      "seed": 1235,
      "seed_index": 1,
      "avg_nll_model": -1.5354095952052695,
      "avg_nll_baseline": -0.8579339288449754,
      "delta_nll": 0.6774756663602941,
      "n_eval_samples": 510000,
      "probe_r2_trained": 0.9978209708602356,
      "probe_mse_trained": 0.0009248724672943354,
      "probe_r2_random": 2.579254810464171e-05,
      "probe_mse_random": 0.4244315028190613,
      "probe_r2_permuted": -7.78451248379941e-05,
      "probe_mse_permuted": 0.4244754910469055
    },
    {
      "seed": 1236,
      "seed_index": 2,
      "avg_nll_model": -1.5366447562423406,
      "avg_nll_baseline": -0.8579339288449754,
      "delta_nll": 0.6787108273973652,
      "n_eval_samples": 510000,
      "probe_r2_trained": 0.9985212945030199,
      "probe_mse_trained": 0.0006276253843680024,
      "probe_r2_random": -0.00015290520097344107,
      "probe_mse_random": 0.42450734972953796,
      "probe_r2_permuted": -7.833663141698644e-05,
      "probe_mse_permuted": 0.42447569966316223
    },
    {
      "seed": 1237,
      "seed_index": 3,
      "avg_nll_model": -1.5333592007506127,
      "avg_nll_baseline": -0.8579339288449754,
      "delta_nll": 0.6754252719056373,
      "n_eval_samples": 510000,
      "probe_r2_trained": 0.9988730388412,
      "probe_mse_trained": 0.000478330155601725,
      "probe_r2_random": 3.8501503933030534e-05,
      "probe_mse_random": 0.4244261085987091,
      "probe_r2_permuted": -6.4644662430835e-05,
      "probe_mse_permuted": 0.42446988821029663
    },
    {
      "seed": 1238,
      "seed_index": 4,
      "avg_nll_model": -1.5350303021599265,
      "avg_nll_baseline": -0.8579339288449754,
      "delta_nll": 0.6770963733149511,
      "n_eval_samples": 510000,
      "probe_r2_trained": 0.9990846938617804,
      "probe_mse_trained": 0.0003884947800543159,
      "probe_r2_random": -3.7680618607538463e-06,
      "probe_mse_random": 0.4244440495967865,
      "probe_r2_permuted": -0.00019398110793256151,
      "probe_mse_permuted": 0.42452478408813477
    },
    {
      "seed": 1239,
      "seed_index": 5,
      "avg_nll_model": -1.5339888288909314,
      "avg_nll_baseline": -0.8579339288449754,
      "delta_nll": 0.6760549000459559,
      "n_eval_samples": 510000,
      "probe_r2_trained": 0.9988063100347152,
      "probe_mse_trained": 0.0005066526937298477,
      "probe_r2_random": -4.210557502237755e-05,
      "probe_mse_random": 0.4244603216648102,
      "probe_r2_permuted": -0.00033012843031454686,
      "probe_mse_permuted": 0.4245825707912445
    },
    {
      "seed": 1240,
      "seed_index": 6,
      "avg_nll_model": -1.5358990521599265,
      "avg_nll_baseline": -0.8579339288449754,
      "delta_nll": 0.6779651233149511,
      "n_eval_samples": 510000,
      "probe_r2_trained": 0.9991563393797247,
      "probe_mse_trained": 0.0003580853808671236,
      "probe_r2_random": -3.662878742782816e-05,
      "probe_mse_random": 0.42445799708366394,
      "probe_r2_permuted": -9.090515679432976e-05,
      "probe_mse_permuted": 0.42448103427886963
    },
    {
      "seed": 1241,
      "seed_index": 7,
      "avg_nll_model": -1.5336348824295343,
      "avg_nll_baseline": -0.8579339288449754,
      "delta_nll": 0.6757009535845588,
      "n_eval_samples": 510000,
      "probe_r2_trained": 0.9987534520951888,
      "probe_mse_trained": 0.0005290878470987082,
      "probe_r2_random": 4.594431784354924e-05,
      "probe_mse_random": 0.424422949552536,
      "probe_r2_permuted": -8.802633254578751e-05,
      "probe_mse_permuted": 0.42447981238365173
    },
    {
      "seed": 1242,
      "seed_index": 8,
      "avg_nll_model": -1.5368030771292893,
      "avg_nll_baseline": -0.8579339288449754,
      "delta_nll": 0.6788691482843139,
      "n_eval_samples": 510000,
      "probe_r2_trained": 0.9981463908657954,
      "probe_mse_trained": 0.0007867504027672112,
      "probe_r2_random": 5.710993591367952e-06,
      "probe_mse_random": 0.42444002628326416,
      "probe_r2_permuted": -9.890969250947457e-05,
      "probe_mse_permuted": 0.4244844317436218
    },
    {
      "seed": 1243,
      "seed_index": 9,
      "avg_nll_model": -1.536924649586397,
      "avg_nll_baseline": -0.8579339288449754,
      "delta_nll": 0.6789907207414216,
      "n_eval_samples": 510000,
      "probe_r2_trained": 0.9988817366151286,
      "probe_mse_trained": 0.00047463845112361014,
      "probe_r2_random": -1.1281090996906329e-05,
      "probe_mse_random": 0.424447238445282,
      "probe_r2_permuted": -4.2175790248011324e-05,
      "probe_mse_permuted": 0.42446035146713257
    },
    {
      "seed": 1244,
      "seed_index": 10,
      "avg_nll_model": -1.534189808325674,
      "avg_nll_baseline": -0.8579339288449754,
      "delta_nll": 0.6762558794806985,
      "n_eval_samples": 510000,
      "probe_r2_trained": 0.9985747280154011,
      "probe_mse_trained": 0.0006049459334462881,
      "probe_r2_random": 6.125123701794521e-05,
      "probe_mse_random": 0.4244164526462555,
      "probe_r2_permuted": -0.00018822345943569907,
      "probe_mse_permuted": 0.424522340297699
    },
    {
      "seed": 1245,
      "seed_index": 11,
      "avg_nll_model": -1.5332767233455882,
      "avg_nll_baseline": -0.8579339288449754,
      "delta_nll": 0.6753427945006127,
      "n_eval_samples": 510000,
      "probe_r2_trained": 0.9834452015742161,
      "probe_mse_trained": 0.007026559207588434,
      "probe_r2_random": 4.229312611381264e-05,
      "probe_mse_random": 0.42442449927330017,
      "probe_r2_permuted": -0.0002798543288058397,
      "probe_mse_permuted": 0.4245612323284149
    },
    {
      "seed": 1246,
      "seed_index": 12,
      "avg_nll_model": -1.5345922334558824,
      "avg_nll_baseline": -0.8579339288449754,
      "delta_nll": 0.6766583046109069,
      "n_eval_samples": 510000,
      "probe_r2_trained": 0.9983974577473445,
      "probe_mse_trained": 0.0006801869603805244,
      "probe_r2_random": 3.281407066169084e-05,
      "probe_mse_random": 0.4244285225868225,
      "probe_r2_permuted": -0.000161752319395303,
      "probe_mse_permuted": 0.4245111048221588
    },
    {
      "seed": 1247,
      "seed_index": 13,
      "avg_nll_model": -1.533092435470282,
      "avg_nll_baseline": -0.8579339288449754,
      "delta_nll": 0.6751585066253065,
      "n_eval_samples": 510000,
      "probe_r2_trained": 0.997967497693482,
      "probe_mse_trained": 0.0008626802591606975,
      "probe_r2_random": 4.208248043713336e-05,
      "probe_mse_random": 0.42442458868026733,
      "probe_r2_permuted": -0.0002992337310632198,
      "probe_mse_permuted": 0.4245694577693939
    },
    {
      "seed": 1248,
      "seed_index": 14,