{
  "metadata": {
    "timestamp": "2025-11-28T07:51:54.306279",
    "world_id": "E3_osc_struct",
    "world_type": "oscillator",
    "model_id": "gru",
    "model_type": "gru",
    "time_cond_type": "full_time",
    "readout_only": false,
    "scramble_core": false,
    "n_seeds": 20,
    "master_seed": 1234,
    "device": "cuda",
    "output_dir": "D:\\tiny_world_model"
  },
  "hyperparameters": {
    "hidden_dim": 2,
    "learning_rate": 0.001,
    "batch_size": 64,
    "max_steps": 20000,
    "n_train_seqs": 20000,
    "n_eval_seqs": 2000,
    "sequence_length": 256
  },
  "per_seed_results": [
    {
      "seed": 1234,
      "seed_index": 0,
      "avg_nll_model": -1.489146652879902,
      "avg_nll_baseline": -0.8619260761335784,
      "delta_nll": 0.6272205767463236,
      "n_eval_samples": 510000,
      "probe_r2_trained": 0.9991314433879712,
      "probe_mse_trained": 0.00036878042737953365,
      "probe_r2_random": 4.445574403377783e-06,
      "probe_mse_random": 0.42458808422088623,
      "probe_r2_permuted": 3.743666106670318e-06,
      "probe_mse_permuted": 0.4245883822441101
    },
    {
      "seed": 1235,
      "seed_index": 1,
      "avg_nll_model": -1.4786818589154411,
      "avg_nll_baseline": -0.8619260761335784,
      "delta_nll": 0.6167557827818627,
      "n_eval_samples": 510000,
      "probe_r2_trained": 0.9664141091481153,
      "probe_mse_trained": 0.01426023244857788,
      "probe_r2_random": -0.0001981251600229328,
      "probe_mse_random": 0.4246740937232971,
      "probe_r2_permuted": -2.5876864013785195e-05,
      "probe_mse_permuted": 0.4246009588241577
    },
    {
      "seed": 1236,
      "seed_index": 2,
      "avg_nll_model": -1.4567623994715073,
      "avg_nll_baseline": -0.8619260761335784,
      "delta_nll": 0.5948363233379289,
      "n_eval_samples": 510000,
      "probe_r2_trained": 0.9518617515176147,
      "probe_mse_trained": 0.020439017564058304,
      "probe_r2_random": -8.680110744840874e-06,
      "probe_mse_random": 0.42459365725517273,
      "probe_r2_permuted": -7.388739150782087e-05,
      "probe_mse_permuted": 0.4246213436126709
    },
    {
      "seed": 1237,
      "seed_index": 3,
      "avg_nll_model": -1.4828420525045956,
      "avg_nll_baseline": -0.8619260761335784,
      "delta_nll": 0.6209159763710171,
      "n_eval_samples": 510000,
      "probe_r2_trained": 0.9990607880238752,
      "probe_mse_trained": 0.00039877998642623425,
      "probe_r2_random": 2.3398495132553876e-06,
      "probe_mse_random": 0.42458897829055786,
      "probe_r2_permuted": 1.1043512392339139e-05,
      "probe_mse_permuted": 0.4245852828025818
    },
    {
      "seed": 1238,
      "seed_index": 4,
      "avg_nll_model": -1.446638511986826,
      "avg_nll_baseline": -0.8619260761335784,
      "delta_nll": 0.5847124358532475,
      "n_eval_samples": 510000,
      "probe_r2_trained": 0.9532179918892696,
      "probe_mse_trained": 0.019863171502947807,
      "probe_r2_random": -4.959996772413433e-06,
      "probe_mse_random": 0.4245920777320862,
      "probe_r2_permuted": 1.392133640876203e-05,
      "probe_mse_permuted": 0.4245840609073639
    },
    {
      "seed": 1239,
      "seed_index": 5,
      "avg_nll_model": -1.4808578412224265,
      "avg_nll_baseline": -0.8619260761335784,
      "delta_nll": 0.6189317650888481,
      "n_eval_samples": 510000,
      "probe_r2_trained": 0.9989767637058279,
      "probe_mse_trained": 0.0004344558692537248,
      "probe_r2_random": -6.714767514015563e-06,
      "probe_mse_random": 0.4245928227901459,
      "probe_r2_permuted": -5.310950920600632e-06,
      "probe_mse_permuted": 0.4245922267436981
    },
    {
      "seed": 1240,
      "seed_index": 6,
      "avg_nll_model": -1.4767743776807598,
      "avg_nll_baseline": -0.8619260761335784,
      "delta_nll": 0.6148483015471814,
      "n_eval_samples": 510000,
      "probe_r2_trained": 0.9827803381989355,
      "probe_mse_trained": 0.007311295717954636,
      "probe_r2_random": 2.1994678539583035e-06,
      "probe_mse_random": 0.42458903789520264,
      "probe_r2_permuted": -1.1838698079857934e-05,
      "probe_mse_permuted": 0.4245949983596802
    },
    {
      "seed": 1241,
      "seed_index": 7,
      "avg_nll_model": -1.4515884344362746,
      "avg_nll_baseline": -0.8619260761335784,
      "delta_nll": 0.5896623583026962,
      "n_eval_samples": 510000,
      "probe_r2_trained": 0.9960453077263943,
      "probe_mse_trained": 0.001679122680798173,
      "probe_r2_random": 5.849390996792714e-06,
      "probe_mse_random": 0.4245874881744385,
      "probe_r2_permuted": -0.00014920215174329954,
      "probe_mse_permuted": 0.4246533215045929
    },
    {
      "seed": 1242,
      "seed_index": 8,
      "avg_nll_model": -1.4631467620251226,
      "avg_nll_baseline": -0.8619260761335784,
      "delta_nll": 0.6012206858915442,
      "n_eval_samples": 510000,
      "probe_r2_trained": 0.9800841395346456,
      "probe_mse_trained": 0.008456074632704258,
      "probe_r2_random": -1.6611674497513107e-05,
      "probe_mse_random": 0.42459702491760254,
      "probe_r2_permuted": -0.00015474722728714418,
      "probe_mse_permuted": 0.4246556758880615
    },
    {
      "seed": 1243,
      "seed_index": 9,
      "avg_nll_model": -1.4799321011412379,
      "avg_nll_baseline": -0.8619260761335784,
      "delta_nll": 0.6180060250076594,
      "n_eval_samples": 510000,
      "probe_r2_trained": 0.9320793479475596,
      "probe_mse_trained": 0.028838427737355232,
      "probe_r2_random": -2.1384650914946235e-05,
      "probe_mse_random": 0.4245990514755249,
      "probe_r2_permuted": 2.410040342959441e-06,
      "probe_mse_permuted": 0.4245889484882355
    },
    {
      "seed": 1244,
      "seed_index": 10,
      "avg_nll_model": -1.4875463579963235,
      "avg_nll_baseline": -0.8619260761335784,
      "delta_nll": 0.6256202818627451,
      "n_eval_samples": 510000,
      "probe_r2_trained": 0.9948463814550045,
      "probe_mse_trained": 0.0021881747525185347,
      "probe_r2_random": -3.079022209062643e-05,
      "probe_mse_random": 0.42460304498672485,
      "probe_r2_permuted": 7.604161738505866e-06,
      "probe_mse_permuted": 0.4245867431163788
    },
    {
      "seed": 1245,
      "seed_index": 11,
      "avg_nll_model": -1.4790592936197917,
      "avg_nll_baseline": -0.8619260761335784,
      "delta_nll": 0.6171332174862133,
      "n_eval_samples": 510000,
      "probe_r2_trained": 0.9629773292334457,
      "probe_mse_trained": 0.015719454735517502,
      "probe_r2_random": -7.444891814523125e-05,
      "probe_mse_random": 0.42462158203125,
      "probe_r2_permuted": 1.223675649664191e-05,
      "probe_mse_permuted": 0.4245847761631012
    },
    {
      "seed": 1246,
      "seed_index": 12,
      "avg_nll_model": -1.448903498391544,
      "avg_nll_baseline": -0.8619260761335784,
      "delta_nll": 0.5869774222579657,
      "n_eval_samples": 510000,
      "probe_r2_trained": 0.9793008559382658,
      "probe_mse_trained": 0.00878864899277687,
      "probe_r2_random": -1.2119461398674147e-05,
      "probe_mse_random": 0.4245951175689697,
      "probe_r2_permuted": 1.1466054089526168e-06,
      "probe_mse_permuted": 0.42458948493003845
    },
    {
      "seed": 1247,
      "seed_index": 13,
      "avg_nll_model": -1.4649331102558212,
      "avg_nll_baseline": -0.8619260761335784,
      "delta_nll": 0.6030070341222428,
      "n_eval_samples": 510000,
      "probe_r2_trained": 0.9962943162750373,
      "probe_mse_trained": 0.0015733961481601,
      "probe_r2_random": -7.0657216624248065e-06,
      "probe_mse_random": 0.4245929718017578,
      "probe_r2_permuted": -1.4504552887650846e-06,
      "probe_mse_permuted": 0.4245905876159668
    },
    {
      "seed": 1248,
      "seed_index": 14,