{
  "metadata": {
    "timestamp": "2025-11-28T06:21:13.878361",
    "world_id": "E3_osc_struct",
    "world_type": "oscillator",
    "model_id": "rnn_tanh",
    "model_type": "rnn_tanh",
    "time_cond_type": "full_time",
    "readout_only": false,
    "scramble_core": false,
    "n_seeds": 20,
    "master_seed": 1234,
    "device": "cuda",
    "output_dir": "D:\\tiny_world_model"
  },
  "hyperparameters": {
    "hidden_dim": 2,
    "learning_rate": 0.001,
    "batch_size": 64,
    "max_steps": 20000,
    "n_train_seqs": 20000,
    "n_eval_seqs": 2000,
    "sequence_length": 256
  },
  "per_seed_results": [
    {
      "seed": 1234,
      "seed_index": 0,
      "avg_nll_model": -1.4568203670726103,
      "avg_nll_baseline": -0.8601341294232536,
      "delta_nll": 0.5966862376493567,
      "n_eval_samples": 510000,
      "probe_r2_trained": 0.8739455924409469,
      "probe_mse_trained": 0.05345577374100685,
      "probe_r2_random": -0.00012387485836473644,
      "probe_mse_random": 0.42412158846855164,
      "probe_r2_permuted": -1.6350971622003385e-05,
      "probe_mse_permuted": 0.42407599091529846
    },
    {
      "seed": 1235,
      "seed_index": 1,
      "avg_nll_model": -1.402710861864277,
      "avg_nll_baseline": -0.8601341294232536,
      "delta_nll": 0.5425767324410233,
      "n_eval_samples": 510000,
      "probe_r2_trained": 0.7902531365617604,
      "probe_mse_trained": 0.08894715458154678,
      "probe_r2_random": 5.575468027485542e-06,
      "probe_mse_random": 0.4240666925907135,
      "probe_r2_permuted": -0.0004162273870245148,
      "probe_mse_permuted": 0.42424556612968445
    },
    {
      "seed": 1236,
      "seed_index": 2,
      "avg_nll_model": -1.4129692880667892,
      "avg_nll_baseline": -0.8601341294232536,
      "delta_nll": 0.5528351586435356,
      "n_eval_samples": 510000,
      "probe_r2_trained": 0.6531893986484266,
      "probe_mse_trained": 0.14707164466381073,
      "probe_r2_random": -3.7926026020596026e-05,
      "probe_mse_random": 0.4240851402282715,
      "probe_r2_permuted": -0.0007606552098520236,
      "probe_mse_permuted": 0.42439162731170654
    },
    {
      "seed": 1237,
      "seed_index": 3,
      "avg_nll_model": -0.9174784572227328,
      "avg_nll_baseline": -0.8601341294232536,
      "delta_nll": 0.05734432779947918,
      "n_eval_samples": 510000,
      "probe_r2_trained": 0.689809434222133,
      "probe_mse_trained": 0.13154222071170807,
      "probe_r2_random": -8.922827263635469e-05,
      "probe_mse_random": 0.4241068959236145,
      "probe_r2_permuted": 5.155204161333415e-07,
      "probe_mse_permuted": 0.4240688383579254
    },
    {
      "seed": 1238,
      "seed_index": 4,
      "avg_nll_model": -1.4066703776041667,
      "avg_nll_baseline": -0.8601341294232536,
      "delta_nll": 0.5465362481809131,
      "n_eval_samples": 510000,
      "probe_r2_trained": 0.7915406999669792,
      "probe_mse_trained": 0.08840113878250122,
      "probe_r2_random": -4.669598507867079e-08,
      "probe_mse_random": 0.4240690767765045,
      "probe_r2_permuted": -1.768623557496518e-05,
      "probe_mse_permuted": 0.42407655715942383
    },
    {
      "seed": 1239,
      "seed_index": 5,
      "avg_nll_model": -1.457825448069853,
      "avg_nll_baseline": -0.8601341294232536,
      "delta_nll": 0.5976913186465993,
      "n_eval_samples": 510000,
      "probe_r2_trained": 0.7904447820775431,
      "probe_mse_trained": 0.08886588364839554,
      "probe_r2_random": 2.413000770418172e-06,
      "probe_mse_random": 0.42406803369522095,
      "probe_r2_permuted": 1.4992592748730438e-05,
      "probe_mse_permuted": 0.42406269907951355
    },
    {
      "seed": 1240,
      "seed_index": 6,
      "avg_nll_model": -1.4564428768382354,
      "avg_nll_baseline": -0.8601341294232536,
      "delta_nll": 0.5963087474149817,
      "n_eval_samples": 510000,
      "probe_r2_trained": 0.9320435507454006,
      "probe_mse_trained": 0.028818227350711823,
      "probe_r2_random": -4.9170354045946496e-05,
      "probe_mse_random": 0.4240899085998535,
      "probe_r2_permuted": -4.193181787970346e-05,
      "probe_mse_permuted": 0.4240868389606476
    },
    {
      "seed": 1241,
      "seed_index": 7,
      "avg_nll_model": -1.4577945475260417,
      "avg_nll_baseline": -0.8601341294232536,
      "delta_nll": 0.597660418102788,
      "n_eval_samples": 510000,
      "probe_r2_trained": 0.9695553998894622,
      "probe_mse_trained": 0.012910612858831882,
      "probe_r2_random": 5.716022127844056e-06,
      "probe_mse_random": 0.4240666329860687,
      "probe_r2_permuted": -1.3116828880832543e-06,
      "probe_mse_permuted": 0.4240696132183075
    },
    {
      "seed": 1242,
      "seed_index": 8,
      "avg_nll_model": -0.9303088675704657,
      "avg_nll_baseline": -0.8601341294232536,
      "delta_nll": 0.07017473814721209,
      "n_eval_samples": 510000,
      "probe_r2_trained": 0.9837523951175996,
      "probe_mse_trained": 0.006890106480568647,
      "probe_r2_random": 2.3441221541631307e-07,
      "probe_mse_random": 0.42406895756721497,
      "probe_r2_permuted": -0.0037659829828353697,
      "probe_mse_permuted": 0.42566609382629395
    },
    {
      "seed": 1243,
      "seed_index": 9,
      "avg_nll_model": -1.4577367771522671,
      "avg_nll_baseline": -0.8601341294232536,
      "delta_nll": 0.5976026477290135,
      "n_eval_samples": 510000,
      "probe_r2_trained": 0.9485799997943475,
      "probe_mse_trained": 0.02180563099682331,
      "probe_r2_random": 4.591589325309009e-06,
      "probe_mse_random": 0.42406710982322693,
      "probe_r2_permuted": -1.9441763394745237e-06,
      "probe_mse_permuted": 0.424069881439209
    },
    {
      "seed": 1244,
      "seed_index": 10,
      "avg_nll_model": -1.457022172755821,
      "avg_nll_baseline": -0.8601341294232536,
      "delta_nll": 0.5968880433325674,
      "n_eval_samples": 510000,
      "probe_r2_trained": 0.9424268399599215,
      "probe_mse_trained": 0.024414995685219765,
      "probe_r2_random": 2.272446670059658e-06,
      "probe_mse_random": 0.4240680932998657,
      "probe_r2_permuted": 3.396879472594705e-06,
      "probe_mse_permuted": 0.4240676164627075
    },
    {
      "seed": 1245,
      "seed_index": 11,
      "avg_nll_model": -1.4149815219056372,
      "avg_nll_baseline": -0.8601341294232536,
      "delta_nll": 0.5548473924823836,
      "n_eval_samples": 510000,
      "probe_r2_trained": 0.7261860476633524,
      "probe_mse_trained": 0.11611602455377579,
      "probe_r2_random": 4.591589325309009e-06,
      "probe_mse_random": 0.42406710982322693,
      "probe_r2_permuted": -0.0010556782664179476,
      "probe_mse_permuted": 0.4245167374610901
    },
    {
      "seed": 1246,
      "seed_index": 12,
      "avg_nll_model": -0.9176577540977329,
      "avg_nll_baseline": -0.8601341294232536,
      "delta_nll": 0.057523624674479246,
      "n_eval_samples": 510000,
      "probe_r2_trained": 0.8967675110481903,
      "probe_mse_trained": 0.0437777042388916,
      "probe_r2_random": 3.1157712719886987e-06,
      "probe_mse_random": 0.42406773567199707,
      "probe_r2_permuted": -0.00017545821318099009,
      "probe_mse_permuted": 0.4241434633731842
    },
    {
      "seed": 1247,
      "seed_index": 13,
      "avg_nll_model": -1.4553631232766544,
      "avg_nll_baseline": -0.8601341294232536,
      "delta_nll": 0.5952289938534008,
      "n_eval_samples": 510000,
      "probe_r2_trained": 0.9747044631927999,
      "probe_mse_trained": 0.010727054439485073,
      "probe_r2_random": -7.494664866491973e-07,
      "probe_mse_random": 0.4240693747997284,
      "probe_r2_permuted": -1.2345179762895953e-05,
      "probe_mse_permuted": 0.42407429218292236
    },
    {
      "seed": 1248,
      "seed_index": 14,