{
  "metadata": {
    "timestamp": "2025-11-27T20:00:13.718010",
    "world_id": "E2_regime_struct",
    "world_type": "regime_markov",
    "model_id": "rnn_tanh",
    "model_type": "rnn_tanh",
    "time_cond_type": "full_time",
    "readout_only": true,
    "scramble_core": false,
    "n_seeds": 20,
    "master_seed": 1234,
    "device": "cuda",
    "output_dir": "D:\\tiny_world_model"
  },
  "hyperparameters": {
    "hidden_dim": 16,
    "learning_rate": 0.001,
    "batch_size": 64,
    "max_steps": 20000,
    "n_train_seqs": 20000,
    "n_eval_seqs": 2000,
    "sequence_length": 128
  },
  "per_seed_results": [
    {
      "seed": 1234,
      "seed_index": 0,
      "avg_nll_model": 36.18332169660433,
      "avg_nll_baseline": 47.533384750246064,
      "delta_nll": 11.350063053641733,
      "n_eval_samples": 254000,
      "probe_r2_trained": 0.003076522247769886,
      "probe_mse_trained": 0.24923180043697357,
      "probe_r2_random": 1.1128794488168836e-06,
      "probe_mse_random": 0.25000065565109253,
      "probe_r2_permuted": -0.006376083452419579,
      "probe_mse_permuted": 0.2515949606895447
    },
    {
      "seed": 1235,
      "seed_index": 1,
      "avg_nll_model": 35.231150221456694,
      "avg_nll_baseline": 47.533384750246064,
      "delta_nll": 12.30223452878937,
      "n_eval_samples": 254000,
      "probe_r2_trained": -0.0037449058421870074,
      "probe_mse_trained": 0.25093716382980347,
      "probe_r2_random": 6.524723765399809e-05,
      "probe_mse_random": 0.24998462200164795,
      "probe_r2_permuted": -0.030429209582785832,
      "probe_mse_permuted": 0.2576082646846771
    },
    {
      "seed": 1236,
      "seed_index": 2,
      "avg_nll_model": 36.1901508058563,
      "avg_nll_baseline": 47.533384750246064,
      "delta_nll": 11.343233944389766,
      "n_eval_samples": 254000,
      "probe_r2_trained": -0.008917616011777874,
      "probe_mse_trained": 0.25223034620285034,
      "probe_r2_random": 2.7934869404444562e-05,
      "probe_mse_random": 0.2499939501285553,
      "probe_r2_permuted": -0.002719471363969328,
      "probe_mse_permuted": 0.2506808042526245
    },
    {
      "seed": 1237,
      "seed_index": 3,
      "avg_nll_model": 35.18299793922244,
      "avg_nll_baseline": 47.533384750246064,
      "delta_nll": 12.350386811023625,
      "n_eval_samples": 254000,
      "probe_r2_trained": 0.021390338571836698,
      "probe_mse_trained": 0.24465332925319672,
      "probe_r2_random": 3.9259709608052695e-05,
      "probe_mse_random": 0.24999111890792847,
      "probe_r2_permuted": -0.0054894080689060765,
      "probe_mse_permuted": 0.251373291015625
    },
    {
      "seed": 1238,
      "seed_index": 4,
      "avg_nll_model": 34.830641178641734,
      "avg_nll_baseline": 47.533384750246064,
      "delta_nll": 12.70274357160433,
      "n_eval_samples": 254000,
      "probe_r2_trained": 0.002861171470636692,
      "probe_mse_trained": 0.24928563833236694,
      "probe_r2_random": 6.6856557051298e-05,
      "probe_mse_random": 0.24998421967029572,
      "probe_r2_permuted": -0.0036147297842687998,
      "probe_mse_permuted": 0.2509046196937561
    },
    {
      "seed": 1239,
      "seed_index": 5,
      "avg_nll_model": 36.34980124261811,
      "avg_nll_baseline": 47.533384750246064,
      "delta_nll": 11.18358350762795,
      "n_eval_samples": 254000,
      "probe_r2_trained": -0.004311863105428637,
      "probe_mse_trained": 0.25107890367507935,
      "probe_r2_random": 3.741197252216111e-05,
      "probe_mse_random": 0.24999158084392548,
      "probe_r2_permuted": -0.0020482063620113067,
      "probe_mse_permuted": 0.2505129873752594
    },
    {
      "seed": 1240,
      "seed_index": 6,
      "avg_nll_model": 35.01057344980315,
      "avg_nll_baseline": 47.533384750246064,
      "delta_nll": 12.522811300442918,
      "n_eval_samples": 254000,
      "probe_r2_trained": -0.006784254535123324,
      "probe_mse_trained": 0.25169700384140015,
      "probe_r2_random": 6.947915162480722e-05,
      "probe_mse_random": 0.24998356401920319,
      "probe_r2_permuted": -0.002054166804223767,
      "probe_mse_permuted": 0.2505144774913788
    },
    {
      "seed": 1241,
      "seed_index": 7,
      "avg_nll_model": 36.6299508796752,
      "avg_nll_baseline": 47.533384750246064,
      "delta_nll": 10.903433870570865,
      "n_eval_samples": 254000,
      "probe_r2_trained": -0.005396782796925681,
      "probe_mse_trained": 0.25135013461112976,
      "probe_r2_random": 7.865823263186744e-05,
      "probe_mse_random": 0.24998126924037933,
      "probe_r2_permuted": -0.0035440389396299565,
      "probe_mse_permuted": 0.2508869469165802
    },
    {
      "seed": 1242,
      "seed_index": 8,
      "avg_nll_model": 35.07908710629921,
      "avg_nll_baseline": 47.533384750246064,
      "delta_nll": 12.454297643946852,
      "n_eval_samples": 254000,
      "probe_r2_trained": 0.005881983188292361,
      "probe_mse_trained": 0.24853043258190155,
      "probe_r2_random": 3.472977352658724e-05,
      "probe_mse_random": 0.2499922513961792,
      "probe_r2_permuted": -0.002029371364620225,
      "probe_mse_permuted": 0.25050827860832214
    },
    {
      "seed": 1243,
      "seed_index": 9,
      "avg_nll_model": 36.14972373277559,
      "avg_nll_baseline": 47.533384750246064,
      "delta_nll": 11.383661017470473,
      "n_eval_samples": 254000,
      "probe_r2_trained": -0.006870204111825817,
      "probe_mse_trained": 0.2517184913158417,
      "probe_r2_random": 4.1941908603626565e-05,
      "probe_mse_random": 0.24999044835567474,
      "probe_r2_permuted": -0.007087402626044792,
      "probe_mse_permuted": 0.25177279114723206
    },
    {
      "seed": 1244,
      "seed_index": 10,
      "avg_nll_model": 35.54335294660433,
      "avg_nll_baseline": 47.533384750246064,
      "delta_nll": 11.990031803641735,
      "n_eval_samples": 254000,
      "probe_r2_trained": -0.02694461585658492,
      "probe_mse_trained": 0.2567371129989624,
      "probe_r2_random": -7.944620592503782e-07,
      "probe_mse_random": 0.25000113248825073,
      "probe_r2_permuted": -0.02901670398729639,
      "probe_mse_permuted": 0.2572551369667053
    },
    {
      "seed": 1245,
      "seed_index": 11,
      "avg_nll_model": 35.41130674827756,
      "avg_nll_baseline": 47.533384750246064,
      "delta_nll": 12.122078001968504,
      "n_eval_samples": 254000,
      "probe_r2_trained": 0.0018777581100162255,
      "probe_mse_trained": 0.24953149259090424,
      "probe_r2_random": 6.608169956368037e-05,
      "probe_mse_random": 0.24998441338539124,
      "probe_r2_permuted": -0.0008438394085781287,
      "probe_mse_permuted": 0.2502118945121765
    },
    {
      "seed": 1246,
      "seed_index": 12,
      "avg_nll_model": 35.44085845226378,
      "avg_nll_baseline": 47.533384750246064,
      "delta_nll": 12.092526297982282,
      "n_eval_samples": 254000,
      "probe_r2_trained": -0.005975064900370697,
      "probe_mse_trained": 0.25149470567703247,
      "probe_r2_random": -6.302147875647535e-05,
      "probe_mse_random": 0.2500166893005371,
      "probe_r2_permuted": -0.0010040560952466748,
      "probe_mse_permuted": 0.2502519488334656
    },
    {
      "seed": 1247,
      "seed_index": 13,
      "avg_nll_model": 34.9545256828248,
      "avg_nll_baseline": 47.533384750246064,
      "delta_nll": 12.578859067421263,
      "n_eval_samples": 254000,
      "probe_r2_trained": -0.04036574358619838,
      "probe_mse_trained": 0.2600924074649811,
      "probe_r2_random": 9.636311812499798e-06,
      "probe_mse_random": 0.2499985247850418,
      "probe_r2_permuted": -0.0035082762863556383,
      "probe_mse_permuted": 0.2508780062198639
    },
    {
      "seed": 1248,
      "seed_index": 14,
      "avg_nll_model": 35.759883827509846,